date,fiscal_year,month,dist_code,district,vehicle_sales,registrations,permits,companies,jobs,investment,documents_registered,revenue,estamp_challans,date_id,quarter
2019-01-01,2019,1,1,Hyderabad,7357,3061,2629,239,1380,79620864,12144,6171054,12368,1,Q1
2019-02-01,2019,2,1,Hyderabad,7946,2041,2764,286,1331,12517790,39709,1693146,20493,2,Q1
2019-03-01,2019,3,1,Hyderabad,13307,1853,1819,205,967,20198258,20926,2845123,19332,3,Q1
2019-04-01,2019,4,1,Hyderabad,9948,2206,541,216,571,20294600,41680,1794068,20027,4,Q2
2019-05-01,2019,5,1,Hyderabad,6348,2131,2859,59,438,11069704,34098,6321619,21342,5,Q2
2019-06-01,2019,6,1,Hyderabad,8885,1313,1342,171,944,59693125,31219,5730059,16799,6,Q2
2019-07-01,2019,7,1,Hyderabad,5642,2358,593,185,1209,30051602,19384,6275839,20152,7,Q3
2019-08-01,2019,8,1,Hyderabad,5348,1774,2681,228,1847,46000245,19909,4475933,12399,8,Q3
2019-09-01,2019,9,1,Hyderabad,6697,2809,1187,157,1459,10315877,40144,7994959,19332,9,Q3
2019-10-01,2019,10,1,Hyderabad,6747,3140,1589,73,1701,12579765,34658,2481916,12742,10,Q4
2019-11-01,2019,11,1,Hyderabad,12573,2820,1320,221,1180,17641607,41778,6767162,24870,11,Q4
2019-12-01,2019,12,1,Hyderabad,14597,1447,1045,211,849,97278337,29151,8838495,11024,12,Q4
2020-01-01,2020,1,1,Hyderabad,10802,2799,997,196,1144,46005994,31718,3454272,7501,13,Q1
2020-02-01,2020,2,1,Hyderabad,7044,2080,1472,147,262,21989213,49050,4951078,12013,14,Q1
2020-03-01,2020,3,1,Hyderabad,7047,3005,1571,59,1746,55065845,34507,9494514,19707,15,Q1
2020-04-01,2020,4,1,Hyderabad,12307,2747,2607,272,716,26304419,29116,7318511,13876,16,Q2
2020-05-01,2020,5,1,Hyderabad,5130,3915,1812,181,1386,51925526,49483,4483932,17080,17,Q2
2020-06-01,2020,6,1,Hyderabad,5170,2880,2885,292,154,88783447,13458,3206994,21040,18,Q2
2020-07-01,2020,7,1,Hyderabad,12453,1287,2393,165,315,23175696,24679,8581425,19180,19,Q3
2020-08-01,2020,8,1,Hyderabad,10295,3775,2349,59,1809,7848305,18834,4291720,7269,20,Q3
2020-09-01,2020,9,1,Hyderabad,11301,2733,571,224,1729,31257202,30185,8226926,9365,21,Q3
2020-10-01,2020,10,1,Hyderabad,6460,3251,2440,71,1250,80561602,23263,6739280,24652,22,Q4
2020-11-01,2020,11,1,Hyderabad,8890,4772,1704,98,1991,96353354,47166,9482206,17318,23,Q4
2020-12-01,2020,12,1,Hyderabad,14335,2846,2234,155,1604,36659966,25710,6724516,22556,24,Q4
2021-01-01,2021,1,1,Hyderabad,14630,1316,2357,250,380,15461618,43988,3376728,19684,25,Q1
2021-02-01,2021,2,1,Hyderabad,10990,2311,1303,86,1595,66698651,24893,9910959,14240,26,Q1
2021-03-01,2021,3,1,Hyderabad,5499,4244,1370,237,1175,2050437,48299,5854398,15440,27,Q1
2021-04-01,2021,4,1,Hyderabad,9183,4334,1697,138,870,52006533,32362,7353270,14568,28,Q2
2021-05-01,2021,5,1,Hyderabad,13937,1553,1130,177,1047,8508625,43660,2605508,20738,29,Q2
2021-06-01,2021,6,1,Hyderabad,6085,3329,532,262,1773,44182957,13471,4240769,14059,30,Q2
2021-07-01,2021,7,1,Hyderabad,11848,3156,800,250,1855,93498263,16421,6002926,19956,31,Q3
2021-08-01,2021,8,1,Hyderabad,13473,3813,2489,215,934,47790053,43546,2767053,14232,32,Q3
2021-09-01,2021,9,1,Hyderabad,6339,2757,1974,101,1121,14401563,14684,4592241,21731,33,Q3
2021-10-01,2021,10,1,Hyderabad,7715,4317,1622,271,125,77605653,25256,4554940,15556,34,Q4
2021-11-01,2021,11,1,Hyderabad,8123,1667,2577,259,856,85426633,15715,2691615,11224,35,Q4
2021-12-01,2021,12,1,Hyderabad,8128,1182,769,219,366,64487272,26514,4157539,20765,36,Q4
2022-01-01,2022,1,1,Hyderabad,12335,1415,977,262,1772,52462609,12387,5600223,18135,37,Q1
2022-02-01,2022,2,1,Hyderabad,9179,3983,2621,97,1652,53735811,47336,9880084,9873,38,Q1
2022-03-01,2022,3,1,Hyderabad,14549,2050,817,104,915,91923468,25279,8776538,24409,39,Q1
2022-04-01,2022,4,1,Hyderabad,6522,3641,2570,237,1130,18306849,19072,5768102,15455,40,Q2
2022-05-01,2022,5,1,Hyderabad,11245,3977,2942,218,135,13902977,23046,4431832,10225,41,Q2
2022-06-01,2022,6,1,Hyderabad,14302,2075,2843,295,1284,29641701,11008,1540018,6860,42,Q2
2022-07-01,2022,7,1,Hyderabad,11075,2038,2078,176,709,79133654,46269,9878005,8774,43,Q3
2022-08-01,2022,8,1,Hyderabad,9100,3676,1477,184,1814,89739840,37159,8301444,19813,44,Q3
2022-09-01,2022,9,1,Hyderabad,13711,1047,2408,204,796,25985145,31019,1741323,11982,45,Q3
2022-10-01,2022,10,1,Hyderabad,14647,3003,738,241,950,97770417,16970,4380888,11165,46,Q4
2022-11-01,2022,11,1,Hyderabad,14207,4459,925,215,113,87691384,32357,1180275,5327,47,Q4
2022-12-01,2022,12,1,Hyderabad,7816,3137,2583,246,1959,94039942,37796,2421261,10394,48,Q4
2023-01-01,2023,1,1,Hyderabad,7945,3097,1037,254,1990,41679605,14107,4160589,11812,49,Q1
2023-02-01,2023,2,1,Hyderabad,14620,1090,2258,220,474,97717300,20353,3707123,21389,50,Q1
2023-03-01,2023,3,1,Hyderabad,9211,2009,2674,294,1417,16481694,48710,7338241,19028,51,Q1
2023-04-01,2023,4,1,Hyderabad,11270,1366,2769,130,488,48760361,21212,1415375,14508,52,Q2
2023-05-01,2023,5,1,Hyderabad,7966,3381,2737,90,402,79623274,31557,4796765,19575,53,Q2
2023-06-01,2023,6,1,Hyderabad,10308,1138,2055,94,637,46016907,31971,6654561,7419,54,Q2
2023-07-01,2023,7,1,Hyderabad,10802,1789,1988,298,846,12344237,21734,8643093,22177,55,Q3
2023-08-01,2023,8,1,Hyderabad,13466,3215,1485,116,1549,10243058,38220,4003335,12259,56,Q3
2023-09-01,2023,9,1,Hyderabad,9385,2334,2975,117,1597,20777749,29983,5688681,21517,57,Q3
2023-10-01,2023,10,1,Hyderabad,6784,4600,2988,291,1380,91927981,37796,2996217,24882,58,Q4
2023-11-01,2023,11,1,Hyderabad,8279,4508,1069,199,126,3683553,35235,4022545,6792,59,Q4
2023-12-01,2023,12,1,Hyderabad,13204,4898,1167,54,714,11928030,49888,2563646,24781,60,Q4
2019-01-01,2019,1,2,Warangal,14043,4492,2388,180,925,19157609,21372,2155946,18121,1,Q1
2019-02-01,2019,2,2,Warangal,6411,3068,1338,131,1839,71234812,21699,2743986,13727,2,Q1
2019-03-01,2019,3,2,Warangal,11474,1286,2080,146,1584,15689503,45847,5728650,14706,3,Q1
2019-04-01,2019,4,2,Warangal,7037,1248,783,133,145,15924994,23096,8341522,16302,4,Q2
2019-05-01,2019,5,2,Warangal,5930,1826,1468,233,1192,52541592,46589,9011808,6811,5,Q2
2019-06-01,2019,6,2,Warangal,5233,4099,949,130,1652,89909316,19969,1260773,10527,6,Q2
2019-07-01,2019,7,2,Warangal,7230,4169,2304,284,1924,17595799,31541,6372571,24178,7,Q3
2019-08-01,2019,8,2,Warangal,6457,4401,2825,52,401,54336213,17681,3043406,10337,8,Q3
2019-09-01,2019,9,2,Warangal,6873,2133,1871,76,301,67431465,44917,3232317,24760,9,Q3
2019-10-01,2019,10,2,Warangal,10682,1040,932,178,1399,78602048,37270,1175165,24681,10,Q4
2019-11-01,2019,11,2,Warangal,10650,2914,2552,90,545,30826152,24824,2820088,8459,11,Q4
2019-12-01,2019,12,2,Warangal,6291,3123,2261,60,650,57964975,24966,1566779,9425,12,Q4
2020-01-01,2020,1,2,Warangal,14360,4390,2364,118,834,27413778,37351,1389284,6264,13,Q1
2020-02-01,2020,2,2,Warangal,9423,4958,1272,234,1053,71905537,25671,7240958,12525,14,Q1
2020-03-01,2020,3,2,Warangal,11471,1965,2700,245,1393,21067258,41113,3089165,11250,15,Q1
2020-04-01,2020,4,2,Warangal,9619,3612,608,69,177,93192118,28769,5685713,5654,16,Q2
2020-05-01,2020,5,2,Warangal,12418,3505,2104,84,948,44152891,26593,9244632,12876,17,Q2
2020-06-01,2020,6,2,Warangal,5957,2398,1088,59,1958,45235589,29667,8610478,20453,18,Q2
2020-07-01,2020,7,2,Warangal,13363,1344,2709,109,1993,10145750,42565,2207694,10853,19,Q3
2020-08-01,2020,8,2,Warangal,9306,4510,627,218,587,65750523,10168,6413690,21622,20,Q3
2020-09-01,2020,9,2,Warangal,12615,4855,2789,197,1911,70018502,35411,9320034,11844,21,Q3
2020-10-01,2020,10,2,Warangal,13393,2111,1977,256,698,37243876,26185,3864820,12620,22,Q4
2020-11-01,2020,11,2,Warangal,12062,3463,865,121,1798,46049734,21744,1958407,11990,23,Q4
2020-12-01,2020,12,2,Warangal,5621,4079,1133,203,331,8950649,14258,5479569,6354,24,Q4
2021-01-01,2021,1,2,Warangal,5251,1336,1481,56,479,69722161,40357,7948437,21265,25,Q1
2021-02-01,2021,2,2,Warangal,10937,3903,1211,236,1858,32866839,33671,1529071,16162,26,Q1
2021-03-01,2021,3,2,Warangal,5258,1880,872,128,549,34993667,33181,3896043,9248,27,Q1
2021-04-01,2021,4,2,Warangal,6726,2724,2665,207,580,53390854,25251,4999630,24016,28,Q2
2021-05-01,2021,5,2,Warangal,5651,3969,1264,133,1066,56017540,30257,4948611,20672,29,Q2
2021-06-01,2021,6,2,Warangal,11898,2469,553,58,759,30067054,21453,9925420,5467,30,Q2
2021-07-01,2021,7,2,Warangal,6487,2184,2333,110,1018,88560621,39931,7766328,24888,31,Q3
2021-08-01,2021,8,2,Warangal,13037,3601,837,235,869,61662351,11369,3544674,22282,32,Q3
2021-09-01,2021,9,2,Warangal,7196,4637,2090,149,1871,4215075,42647,6553710,9556,33,Q3
2021-10-01,2021,10,2,Warangal,6643,1911,1397,201,1732,8235880,41338,3356246,15186,34,Q4
2021-11-01,2021,11,2,Warangal,8515,3051,2323,270,1743,62787587,13214,3366937,12112,35,Q4
2021-12-01,2021,12,2,Warangal,12737,2109,765,266,1873,79438883,22694,4360235,24279,36,Q4
2022-01-01,2022,1,2,Warangal,12400,3706,2723,295,160,27367618,11673,9386095,7551,37,Q1
2022-02-01,2022,2,2,Warangal,5828,1951,2134,142,1374,28743978,15029,1920628,14877,38,Q1
2022-03-01,2022,3,2,Warangal,5432,4468,907,297,182,30557386,38149,9222243,23810,39,Q1
2022-04-01,2022,4,2,Warangal,13752,2762,2706,160,484,3045315,37530,9701768,24725,40,Q2
2022-05-01,2022,5,2,Warangal,6038,3213,1454,234,309,42537502,41956,9514009,14974,41,Q2
2022-06-01,2022,6,2,Warangal,8391,2421,2115,191,1857,76182382,43570,9862366,24711,42,Q2
2022-07-01,2022,7,2,Warangal,9523,1347,1452,281,328,89071586,20317,1233040,14388,43,Q3
2022-08-01,2022,8,2,Warangal,5907,3586,2488,177,1227,7310846,44251,6751381,16414,44,Q3
2022-09-01,2022,9,2,Warangal,6198,3777,1187,268,1131,76267965,44089,2481090,7511,45,Q3
2022-10-01,2022,10,2,Warangal,8783,1388,543,76,1725,59323187,12826,8109938,18487,46,Q4
2022-11-01,2022,11,2,Warangal,8853,1011,1688,85,1900,7352958,48098,5356062,21242,47,Q4
2022-12-01,2022,12,2,Warangal,10916,4045,1571,67,358,77062845,31094,9638986,20363,48,Q4
2023-01-01,2023,1,2,Warangal,6496,1059,888,142,1368,76781163,40549,3533872,15727,49,Q1
2023-02-01,2023,2,2,Warangal,14074,2763,2639,98,1540,62078167,26433,4323080,22082,50,Q1
2023-03-01,2023,3,2,Warangal,13141,3002,2300,194,1890,14723157,44164,3762725,23021,51,Q1
2023-04-01,2023,4,2,Warangal,6018,2144,1567,279,1042,48443073,34517,7156989,7788,52,Q2
2023-05-01,2023,5,2,Warangal,10853,2189,619,232,640,18147984,43803,3810355,16253,53,Q2
2023-06-01,2023,6,2,Warangal,7450,3008,2358,54,650,19734847,20553,2889657,13799,54,Q2
2023-07-01,2023,7,2,Warangal,9649,2691,547,104,1365,65869928,31975,5999620,21831,55,Q3
2023-08-01,2023,8,2,Warangal,8595,1738,1411,263,389,43217990,45081,4631816,23653,56,Q3
2023-09-01,2023,9,2,Warangal,10456,2140,1976,52,1060,94830258,46415,3545564,12186,57,Q3
2023-10-01,2023,10,2,Warangal,8624,4689,2954,163,1946,77977083,33509,2630428,20465,58,Q4
2023-11-01,2023,11,2,Warangal,5331,4319,1228,300,553,39808751,32356,4999777,14524,59,Q4
2023-12-01,2023,12,2,Warangal,9139,3721,2631,299,922,50591625,34084,2067313,10177,60,Q4
2019-01-01,2019,1,3,Karimnagar,11730,3374,2699,273,1605,82528502,46960,9567082,24881,1,Q1
2019-02-01,2019,2,3,Karimnagar,6912,4713,1525,120,1227,79434302,31397,7167375,19354,2,Q1
2019-03-01,2019,3,3,Karimnagar,14873,3483,2796,277,1587,43192053,41049,6552009,16860,3,Q1
2019-04-01,2019,4,3,Karimnagar,13866,4029,1583,198,1974,86907246,28949,5481445,16103,4,Q2
2019-05-01,2019,5,3,Karimnagar,7445,1983,1983,67,186,29675492,25317,8624014,20128,5,Q2
2019-06-01,2019,6,3,Karimnagar,6619,4526,1785,102,1977,64776599,40828,7914106,22321,6,Q2
2019-07-01,2019,7,3,Karimnagar,14834,2394,611,269,1681,56521696,23207,1320101,16141,7,Q3
2019-08-01,2019,8,3,Karimnagar,5481,4471,2126,229,709,82631243,13013,9673583,18981,8,Q3
2019-09-01,2019,9,3,Karimnagar,5615,3232,1244,206,657,27443721,29912,7966482,10138,9,Q3
2019-10-01,2019,10,3,Karimnagar,9891,4711,2663,115,998,71183917,35198,6813337,9166,10,Q4
2019-11-01,2019,11,3,Karimnagar,14529,3736,1124,254,935,83194197,48173,8279576,7610,11,Q4
2019-12-01,2019,12,3,Karimnagar,13809,3698,1859,136,1861,43799759,38353,3415500,21747,12,Q4
2020-01-01,2020,1,3,Karimnagar,6444,2350,1294,61,1962,43916351,25170,7437051,20684,13,Q1
2020-02-01,2020,2,3,Karimnagar,5464,3077,1054,180,1687,89323804,19133,8329377,10764,14,Q1
2020-03-01,2020,3,3,Karimnagar,7050,2093,2031,256,352,41956608,23124,3709096,17440,15,Q1
2020-04-01,2020,4,3,Karimnagar,12809,1275,1225,113,1677,56390886,17115,8700758,18409,16,Q2
2020-05-01,2020,5,3,Karimnagar,10265,4043,2956,122,175,31334139,40243,7535062,14888,17,Q2
2020-06-01,2020,6,3,Karimnagar,11986,1546,2291,147,569,86887155,45304,3141068,13555,18,Q2
2020-07-01,2020,7,3,Karimnagar,10383,1784,2554,99,288,10159269,23481,5877205,9481,19,Q3
2020-08-01,2020,8,3,Karimnagar,5766,3608,2194,232,835,45992752,42238,3973574,14910,20,Q3
2020-09-01,2020,9,3,Karimnagar,6661,3575,1982,166,1523,57482691,43981,9902679,7024,21,Q3
2020-10-01,2020,10,3,Karimnagar,10798,2233,943,89,186,58225841,44959,8896843,17136,22,Q4
2020-11-01,2020,11,3,Karimnagar,9469,3442,2893,79,1646,60483645,28896,1867804,14974,23,Q4
2020-12-01,2020,12,3,Karimnagar,6630,4025,2181,255,1868,54452793,36565,6095779,10201,24,Q4
2021-01-01,2021,1,3,Karimnagar,11113,2839,1371,114,1081,12558477,24074,9340223,6435,25,Q1
2021-02-01,2021,2,3,Karimnagar,8570,1108,2795,279,1266,76849655,43010,8358311,8822,26,Q1
2021-03-01,2021,3,3,Karimnagar,5191,4024,1957,229,245,70590745,17902,9420687,23789,27,Q1
2021-04-01,2021,4,3,Karimnagar,5143,2379,1170,214,1307,14365697,29557,1062187,9994,28,Q2
2021-05-01,2021,5,3,Karimnagar,11803,1100,1366,85,1677,79307750,34748,6750389,21494,29,Q2
2021-06-01,2021,6,3,Karimnagar,11093,3781,2748,88,549,34033132,15497,2873417,6358,30,Q2
2021-07-01,2021,7,3,Karimnagar,10571,2413,2142,186,1974,28759648,44473,2335651,7559,31,Q3
2021-08-01,2021,8,3,Karimnagar,6356,3460,1325,296,765,56488570,10228,9101081,22916,32,Q3
2021-09-01,2021,9,3,Karimnagar,6962,4059,2360,142,366,65862746,48887,5143480,14573,33,Q3
2021-10-01,2021,10,3,Karimnagar,11141,2822,2109,236,921,70835192,13116,8535783,11234,34,Q4
2021-11-01,2021,11,3,Karimnagar,13130,2471,2405,208,1786,66793964,15650,7652713,23920,35,Q4
2021-12-01,2021,12,3,Karimnagar,10687,2739,908,185,561,9085830,37430,5536360,14149,36,Q4
2022-01-01,2022,1,3,Karimnagar,13400,1616,1999,226,961,28198187,49284,7948717,17681,37,Q1
2022-02-01,2022,2,3,Karimnagar,11679,4600,1859,225,977,2936509,33470,1529608,15039,38,Q1
2022-03-01,2022,3,3,Karimnagar,12972,2184,2802,229,1733,92248011,39626,5535247,20825,39,Q1
2022-04-01,2022,4,3,Karimnagar,9629,2936,955,120,1424,25076497,16623,7102374,12449,40,Q2
2022-05-01,2022,5,3,Karimnagar,12136,1089,2364,218,392,69072489,49414,1879381,7344,41,Q2
2022-06-01,2022,6,3,Karimnagar,14415,1903,2812,59,1404,99890973,49558,8424342,5223,42,Q2
2022-07-01,2022,7,3,Karimnagar,6621,1108,739,150,1096,26317540,27094,4175928,21885,43,Q3
2022-08-01,2022,8,3,Karimnagar,11690,2988,2389,79,1378,64192055,10505,5996701,8058,44,Q3
2022-09-01,2022,9,3,Karimnagar,13934,2485,1402,71,1967,85388270,22881,4039238,13823,45,Q3
2022-10-01,2022,10,3,Karimnagar,11294,1173,2056,152,1212,66389468,38739,3981382,17690,46,Q4
2022-11-01,2022,11,3,Karimnagar,13395,2658,2292,270,402,38203755,26289,5407900,24542,47,Q4
2022-12-01,2022,12,3,Karimnagar,13573,3668,1804,267,229,36660887,15996,2943021,20709,48,Q4
2023-01-01,2023,1,3,Karimnagar,10052,2610,913,276,762,86287511,14418,8116125,8722,49,Q1
2023-02-01,2023,2,3,Karimnagar,12147,4169,2219,275,1193,41235728,21266,7847240,5864,50,Q1
2023-03-01,2023,3,3,Karimnagar,12471,3222,2678,84,1379,93566497,15628,1519127,11657,51,Q1
2023-04-01,2023,4,3,Karimnagar,13062,3258,989,268,1724,28130605,38426,6483606,7925,52,Q2
2023-05-01,2023,5,3,Karimnagar,12555,3857,2373,258,1169,28811429,11873,3874863,20913,53,Q2
2023-06-01,2023,6,3,Karimnagar,6590,4974,1404,166,1175,40898619,41890,2081623,5852,54,Q2
2023-07-01,2023,7,3,Karimnagar,12261,2661,1668,211,1953,72856969,28544,4307322,22642,55,Q3
2023-08-01,2023,8,3,Karimnagar,13061,2566,863,225,1376,70083609,22205,7690187,10397,56,Q3
2023-09-01,2023,9,3,Karimnagar,8167,4393,1903,181,1757,43304476,26857,5504345,5679,57,Q3
2023-10-01,2023,10,3,Karimnagar,14049,2803,1196,244,133,28750725,21780,5653987,24793,58,Q4
2023-11-01,2023,11,3,Karimnagar,9906,3602,2895,135,881,83818485,43750,4878294,13065,59,Q4
2023-12-01,2023,12,3,Karimnagar,7225,4319,2228,191,232,30195759,46133,8719129,6369,60,Q4
2019-01-01,2019,1,4,Nizamabad,7409,2021,2590,126,1700,54128897,10889,3201798,6071,1,Q1
2019-02-01,2019,2,4,Nizamabad,10414,3337,501,158,1144,85667542,45262,7083668,14160,2,Q1
2019-03-01,2019,3,4,Nizamabad,13570,2669,2173,241,1747,26764648,42405,4723105,19229,3,Q1
2019-04-01,2019,4,4,Nizamabad,9012,1659,1958,65,1849,90343712,37773,8380627,6386,4,Q2
2019-05-01,2019,5,4,Nizamabad,14099,1253,1324,298,1391,10470295,23318,2129154,23755,5,Q2
2019-06-01,2019,6,4,Nizamabad,7835,4678,1136,174,1411,55174556,48551,3730943,24245,6,Q2
2019-07-01,2019,7,4,Nizamabad,5947,2283,2346,242,1183,5998591,31639,5288821,24994,7,Q3
2019-08-01,2019,8,4,Nizamabad,13507,2487,2157,245,1947,77584792,48929,3404984,22299,8,Q3
2019-09-01,2019,9,4,Nizamabad,12030,2610,1372,55,1020,66536066,35839,3883864,14724,9,Q3
2019-10-01,2019,10,4,Nizamabad,7510,3449,2181,189,1603,78929217,41370,6306953,19725,10,Q4
2019-11-01,2019,11,4,Nizamabad,12542,1101,1577,208,541,22914079,16274,5003870,10010,11,Q4
2019-12-01,2019,12,4,Nizamabad,6365,4339,671,117,907,86665904,30470,1308463,10481,12,Q4
2020-01-01,2020,1,4,Nizamabad,7645,1523,2775,286,1465,35885694,29927,2126014,15709,13,Q1
2020-02-01,2020,2,4,Nizamabad,6304,1031,1491,103,703,77154201,38937,1310242,23916,14,Q1
2020-03-01,2020,3,4,Nizamabad,13316,3607,1030,63,1650,47469247,48966,3173505,14208,15,Q1
2020-04-01,2020,4,4,Nizamabad,14176,4178,1510,162,1099,23640258,14036,9183084,24437,16,Q2
2020-05-01,2020,5,4,Nizamabad,12606,1089,742,275,1630,78502398,15692,5587024,22071,17,Q2
2020-06-01,2020,6,4,Nizamabad,10672,3975,784,275,1965,16131820,11067,8309563,9092,18,Q2
2020-07-01,2020,7,4,Nizamabad,10442,4773,2926,260,1256,61614471,26726,6788547,9108,19,Q3
2020-08-01,2020,8,4,Nizamabad,9192,3325,2993,255,1847,3701691,47478,3385302,17572,20,Q3
2020-09-01,2020,9,4,Nizamabad,5239,3985,1562,124,963,47963698,38042,4147989,5361,21,Q3
2020-10-01,2020,10,4,Nizamabad,9238,2493,1992,128,338,40594825,41962,5169755,17864,22,Q4
2020-11-01,2020,11,4,Nizamabad,7381,1695,2448,69,794,36571212,44917,8831392,17873,23,Q4
2020-12-01,2020,12,4,Nizamabad,8575,3030,2846,113,725,68399233,45800,8548074,20318,24,Q4
2021-01-01,2021,1,4,Nizamabad,12177,1131,1889,223,186,29582059,25699,4822553,14680,25,Q1
2021-02-01,2021,2,4,Nizamabad,8517,4488,1223,188,1163,62403912,10512,5746821,11258,26,Q1
2021-03-01,2021,3,4,Nizamabad,11078,3913,1824,213,1282,97519603,17362,5264147,20298,27,Q1
2021-04-01,2021,4,4,Nizamabad,5999,4448,2272,79,533,37185043,35489,3086930,12151,28,Q2
2021-05-01,2021,5,4,Nizamabad,7575,4696,2011,245,1553,73684677,41402,1793317,10086,29,Q2
2021-06-01,2021,6,4,Nizamabad,6587,4919,1898,110,303,86785462,32332,4188352,16501,30,Q2
2021-07-01,2021,7,4,Nizamabad,5972,4585,1947,92,1315,51371520,29795,4149306,12148,31,Q3
2021-08-01,2021,8,4,Nizamabad,10455,2916,1757,225,1365,25673564,36010,9587700,12967,32,Q3
2021-09-01,2021,9,4,Nizamabad,6708,1692,535,164,872,8847857,28000,1307814,8087,33,Q3
2021-10-01,2021,10,4,Nizamabad,10555,4857,1791,285,256,95055009,16360,5869048,11765,34,Q4
2021-11-01,2021,11,4,Nizamabad,8394,2440,1271,249,956,31715494,41323,8219325,10390,35,Q4
2021-12-01,2021,12,4,Nizamabad,13813,3362,2352,220,1256,45316950,44598,9414764,15701,36,Q4
2022-01-01,2022,1,4,Nizamabad,6658,2791,2729,161,1541,44516529,31151,9598396,24610,37,Q1
2022-02-01,2022,2,4,Nizamabad,5349,4568,1337,143,525,90694364,33186,7518341,18789,38,Q1
2022-03-01,2022,3,4,Nizamabad,5693,2832,1477,63,1691,48846767,35344,2607329,15847,39,Q1
2022-04-01,2022,4,4,Nizamabad,12452,3308,1113,71,696,12691930,46268,5512417,10970,40,Q2
2022-05-01,2022,5,4,Nizamabad,11087,3708,2937,293,1057,96193822,46253,8284348,20101,41,Q2
2022-06-01,2022,6,4,Nizamabad,14250,3286,519,128,674,44844676,14845,6137716,15386,42,Q2
2022-07-01,2022,7,4,Nizamabad,7205,1149,2196,256,991,19518313,29080,6786949,10740,43,Q3
2022-08-01,2022,8,4,Nizamabad,6071,1502,1745,227,1258,61429355,43637,2657389,17821,44,Q3
2022-09-01,2022,9,4,Nizamabad,5990,1664,1483,238,841,51274303,12389,4135197,17074,45,Q3
2022-10-01,2022,10,4,Nizamabad,13203,4104,1746,114,1841,51007856,29303,8601077,14685,46,Q4
2022-11-01,2022,11,4,Nizamabad,10856,4932,2568,101,1364,54317447,15581,1123735,12984,47,Q4
2022-12-01,2022,12,4,Nizamabad,11183,1043,1988,191,1339,35610574,34504,9374950,15857,48,Q4
2023-01-01,2023,1,4,Nizamabad,9609,4629,1382,297,1808,2458908,35189,3592171,7388,49,Q1
2023-02-01,2023,2,4,Nizamabad,8904,2144,1212,139,413,87191288,37410,7059271,10279,50,Q1
2023-03-01,2023,3,4,Nizamabad,7019,4219,1794,157,258,33390418,11810,8994241,7930,51,Q1
2023-04-01,2023,4,4,Nizamabad,10342,4685,704,246,1415,7884613,11179,3569923,19986,52,Q2
2023-05-01,2023,5,4,Nizamabad,13166,3828,2009,112,985,5814886,27719,3361568,12846,53,Q2
2023-06-01,2023,6,4,Nizamabad,6324,1355,841,126,1065,77848912,22623,4777536,16285,54,Q2
2023-07-01,2023,7,4,Nizamabad,13007,3198,1604,132,1457,19462556,20453,2074198,6938,55,Q3
2023-08-01,2023,8,4,Nizamabad,12227,3099,906,269,1832,37947746,41003,2239090,19266,56,Q3
2023-09-01,2023,9,4,Nizamabad,13425,2671,2985,281,571,94036331,25851,2557205,22648,57,Q3
2023-10-01,2023,10,4,Nizamabad,12381,1059,1347,218,832,8479935,49596,3867762,7067,58,Q4
2023-11-01,2023,11,4,Nizamabad,10701,3751,737,291,1261,29137844,24936,5646457,17930,59,Q4
2023-12-01,2023,12,4,Nizamabad,10111,3184,836,201,1889,1091242,39388,6981328,18822,60,Q4
2019-01-01,2019,1,5,Khammam,6768,2700,1091,249,749,35780165,11055,5561730,21114,1,Q1
2019-02-01,2019,2,5,Khammam,13107,1695,1110,143,1773,92668648,44443,6931892,16062,2,Q1
2019-03-01,2019,3,5,Khammam,10825,4177,1859,233,838,54311871,18730,3367415,8834,3,Q1
2019-04-01,2019,4,5,Khammam,9167,1722,1888,201,1547,81116646,45010,7472473,9061,4,Q2
2019-05-01,2019,5,5,Khammam,8357,4668,697,198,1630,98878147,16065,2626991,17746,5,Q2
2019-06-01,2019,6,5,Khammam,14436,4947,2139,136,126,71495373,48545,1200399,6793,6,Q2
2019-07-01,2019,7,5,Khammam,12164,4017,2568,51,1133,3483337,47554,6897033,7026,7,Q3
2019-08-01,2019,8,5,Khammam,10709,1360,1288,155,1741,37590626,29956,4096150,16860,8,Q3
2019-09-01,2019,9,5,Khammam,6167,4752,1939,236,237,83259565,16045,8976536,19438,9,Q3
2019-10-01,2019,10,5,Khammam,8968,3874,1186,213,1560,46211829,45295,9543376,18961,10,Q4
2019-11-01,2019,11,5,Khammam,12369,4630,617,295,1384,54294014,16412,4356505,21940,11,Q4
2019-12-01,2019,12,5,Khammam,12807,4578,1936,253,189,45799379,30246,2595618,23078,12,Q4
2020-01-01,2020,1,5,Khammam,13867,2967,1493,164,1025,9475265,38690,8339461,11012,13,Q1
2020-02-01,2020,2,5,Khammam,10078,3506,2885,144,1718,98387393,23163,2002247,20321,14,Q1
2020-03-01,2020,3,5,Khammam,12601,1532,1465,258,1379,37105388,47681,1883222,9247,15,Q1
2020-04-01,2020,4,5,Khammam,14078,3336,2515,225,1707,31116712,45758,8559577,15439,16,Q2
2020-05-01,2020,5,5,Khammam,9209,2807,2157,294,894,76592444,46053,2130320,10828,17,Q2
2020-06-01,2020,6,5,Khammam,11412,4535,1385,140,566,90791846,10954,7645925,10331,18,Q2
2020-07-01,2020,7,5,Khammam,13133,1220,1895,197,405,22809404,21013,5078563,15140,19,Q3
2020-08-01,2020,8,5,Khammam,9329,3223,1368,179,1707,47973487,10746,5013087,15363,20,Q3
2020-09-01,2020,9,5,Khammam,14808,4149,1459,186,1988,90867536,20505,3276726,8750,21,Q3
2020-10-01,2020,10,5,Khammam,14217,3351,1363,258,820,38008508,29141,6176269,10489,22,Q4
2020-11-01,2020,11,5,Khammam,5160,3147,861,106,1738,50594269,16850,6178270,16272,23,Q4
2020-12-01,2020,12,5,Khammam,5857,3708,1589,262,1429,99841199,14467,6075456,6951,24,Q4
2021-01-01,2021,1,5,Khammam,8853,3352,2352,139,639,1784395,46197,7687688,5542,25,Q1
2021-02-01,2021,2,5,Khammam,5217,3858,626,280,313,39978620,15237,5994873,15426,26,Q1
2021-03-01,2021,3,5,Khammam,8335,2913,2807,288,1664,40814190,46164,8721948,13474,27,Q1
2021-04-01,2021,4,5,Khammam,11602,3905,851,263,1817,24156338,19865,5795497,6145,28,Q2
2021-05-01,2021,5,5,Khammam,8420,2783,2229,258,986,43483833,49044,7813337,14013,29,Q2
2021-06-01,2021,6,5,Khammam,14565,1554,2733,239,225,89310917,21548,4169591,23552,30,Q2
2021-07-01,2021,7,5,Khammam,14876,1467,1626,80,483,97636139,42545,6358954,16288,31,Q3
2021-08-01,2021,8,5,Khammam,8892,1812,2805,57,1622,37086206,46822,7153669,12574,32,Q3
2021-09-01,2021,9,5,Khammam,14981,2309,2641,256,596,97747578,28311,5349882,20692,33,Q3
2021-10-01,2021,10,5,Khammam,12608,4707,955,189,1326,38852175,36426,4667924,11068,34,Q4
2021-11-01,2021,11,5,Khammam,8073,2309,1964,85,1520,39567450,33914,7876215,16498,35,Q4
2021-12-01,2021,12,5,Khammam,11298,3424,2437,286,1573,91893126,35167,8580053,8950,36,Q4
2022-01-01,2022,1,5,Khammam,11906,3444,1648,215,1549,85968054,36990,6657183,6013,37,Q1
2022-02-01,2022,2,5,Khammam,8036,4330,2738,292,1382,32379194,22678,1502775,14420,38,Q1
2022-03-01,2022,3,5,Khammam,8458,3774,2403,195,423,55234246,14155,7703849,15359,39,Q1
2022-04-01,2022,4,5,Khammam,8245,1435,2145,270,1518,13558367,22073,3299628,21660,40,Q2
2022-05-01,2022,5,5,Khammam,6291,1663,2717,219,265,30473196,45087,3538864,15545,41,Q2
2022-06-01,2022,6,5,Khammam,8991,3466,2895,237,1676,40061850,20940,4742128,6247,42,Q2
2022-07-01,2022,7,5,Khammam,13766,1205,1490,189,978,16279101,37845,9549695,10274,43,Q3
2022-08-01,2022,8,5,Khammam,9972,3003,1315,144,145,1389273,44651,2726383,8289,44,Q3
2022-09-01,2022,9,5,Khammam,12349,2216,1276,242,969,29895820,33436,4045754,19090,45,Q3
2022-10-01,2022,10,5,Khammam,10687,4253,1813,75,1599,36328700,30438,9706020,9277,46,Q4
2022-11-01,2022,11,5,Khammam,6108,4692,1895,295,1275,60602088,38548,3117822,11027,47,Q4
2022-12-01,2022,12,5,Khammam,11436,4538,2252,223,687,97700807,14578,8710179,23797,48,Q4
2023-01-01,2023,1,5,Khammam,6916,1200,1875,70,826,44597324,29191,3230192,11108,49,Q1
2023-02-01,2023,2,5,Khammam,14185,4822,1863,210,607,60094503,29560,1908032,7712,50,Q1
2023-03-01,2023,3,5,Khammam,9148,3641,2665,141,1008,45481126,42516,8837382,19428,51,Q1
2023-04-01,2023,4,5,Khammam,7685,4500,660,201,209,37078940,12196,3240543,17714,52,Q2
2023-05-01,2023,5,5,Khammam,7377,1961,2512,280,174,71549435,43020,2201339,15609,53,Q2
2023-06-01,2023,6,5,Khammam,9136,4205,1773,114,934,17286510,14782,1253886,6060,54,Q2
2023-07-01,2023,7,5,Khammam,13962,3499,1022,109,652,98147294,40816,6508736,23089,55,Q3
2023-08-01,2023,8,5,Khammam,5245,1876,2774,284,525,33185153,47723,3884618,15951,56,Q3
2023-09-01,2023,9,5,Khammam,6320,2127,1796,68,517,72781432,46107,9764370,8843,57,Q3
2023-10-01,2023,10,5,Khammam,12379,4037,921,53,566,30633973,41491,2694085,9128,58,Q4
2023-11-01,2023,11,5,Khammam,6684,3463,2028,156,830,45107693,43912,5790137,9533,59,Q4
2023-12-01,2023,12,5,Khammam,7973,3036,2836,277,1829,60975595,10128,8869538,18842,60,Q4
2019-01-01,2019,1,6,Adilabad,12842,1380,2997,87,965,28551685,13028,2044783,17936,1,Q1
2019-02-01,2019,2,6,Adilabad,14251,4404,2163,70,749,80469888,14382,3184862,24406,2,Q1
2019-03-01,2019,3,6,Adilabad,14009,1586,2199,199,1810,8427008,37145,2565544,14489,3,Q1
2019-04-01,2019,4,6,Adilabad,7131,3292,1714,62,1345,6072497,14652,6760261,7625,4,Q2
2019-05-01,2019,5,6,Adilabad,14782,4695,2706,248,1795,22922506,30643,3098497,12244,5,Q2
2019-06-01,2019,6,6,Adilabad,14274,1077,1979,130,625,78406820,42000,7788634,9002,6,Q2
2019-07-01,2019,7,6,Adilabad,9969,2742,2918,215,1685,16298712,48869,3123817,11699,7,Q3
2019-08-01,2019,8,6,Adilabad,13773,1286,778,279,1541,48951192,16796,2052019,24702,8,Q3
2019-09-01,2019,9,6,Adilabad,12037,1900,955,238,1537,7158687,35388,1471534,12468,9,Q3
2019-10-01,2019,10,6,Adilabad,9914,2685,1974,178,780,82987306,17063,5043740,13852,10,Q4
2019-11-01,2019,11,6,Adilabad,11946,3325,2964,183,1590,21911343,19017,4418615,13427,11,Q4
2019-12-01,2019,12,6,Adilabad,5578,1058,2662,253,797,27577055,38617,5955661,17582,12,Q4
2020-01-01,2020,1,6,Adilabad,12260,1553,2880,280,1372,92696875,33703,6844836,18893,13,Q1
2020-02-01,2020,2,6,Adilabad,13199,3235,1710,204,465,10683470,12564,3382426,20977,14,Q1
2020-03-01,2020,3,6,Adilabad,12180,2095,1974,175,1680,83040307,38226,4790698,8070,15,Q1
2020-04-01,2020,4,6,Adilabad,13595,1228,1819,58,1161,11063639,41483,6198882,9769,16,Q2
2020-05-01,2020,5,6,Adilabad,10308,4906,1877,256,1780,28378549,13140,3346562,16577,17,Q2
2020-06-01,2020,6,6,Adilabad,9665,2089,1706,83,201,65601430,47315,6554041,11554,18,Q2
2020-07-01,2020,7,6,Adilabad,7891,3327,1329,76,365,92878729,47273,3546216,17495,19,Q3
2020-08-01,2020,8,6,Adilabad,5066,1962,554,247,436,77913544,15249,3719653,23387,20,Q3
2020-09-01,2020,9,6,Adilabad,9547,4571,2815,98,1237,8101699,36260,3855730,24523,21,Q3
2020-10-01,2020,10,6,Adilabad,5135,3376,2034,205,378,23231749,38236,9241298,9698,22,Q4
2020-11-01,2020,11,6,Adilabad,9950,2720,2266,230,429,70364185,25063,4627503,9035,23,Q4
2020-12-01,2020,12,6,Adilabad,6407,1054,684,91,868,55594452,35241,4775218,13794,24,Q4
2021-01-01,2021,1,6,Adilabad,8796,2537,1765,127,995,93506909,31336,6768251,21090,25,Q1
2021-02-01,2021,2,6,Adilabad,7626,1615,536,66,619,67724776,14133,3150954,10704,26,Q1
2021-03-01,2021,3,6,Adilabad,13607,4818,991,65,954,53433827,49175,9729578,5811,27,Q1
2021-04-01,2021,4,6,Adilabad,14931,1461,1834,167,1897,76968599,39395,6443905,20837,28,Q2
2021-05-01,2021,5,6,Adilabad,11162,1021,2897,248,1222,98163239,39688,8562595,13180,29,Q2
2021-06-01,2021,6,6,Adilabad,13390,4267,2069,105,333,24401999,30206,5609426,12937,30,Q2
2021-07-01,2021,7,6,Adilabad,12863,2469,2020,202,1096,76836877,20623,5694651,13737,31,Q3
2021-08-01,2021,8,6,Adilabad,6305,4936,2921,115,1516,90565285,34520,7920490,19614,32,Q3
2021-09-01,2021,9,6,Adilabad,5239,3292,1614,165,1143,53008972,29194,5130245,10167,33,Q3
2021-10-01,2021,10,6,Adilabad,5878,4169,1576,92,1640,8305323,23432,5866568,13501,34,Q4
2021-11-01,2021,11,6,Adilabad,9582,3148,535,98,1201,60749922,24507,1009240,18052,35,Q4
2021-12-01,2021,12,6,Adilabad,8832,4857,604,100,970,9033808,45118,8741758,16142,36,Q4
2022-01-01,2022,1,6,Adilabad,6381,1711,2194,241,1818,47250645,48757,5588940,15085,37,Q1
2022-02-01,2022,2,6,Adilabad,6265,1193,2887,52,713,43269859,16080,1536016,7388,38,Q1
2022-03-01,2022,3,6,Adilabad,11111,2992,1029,102,372,94291326,37924,1342437,7369,39,Q1
2022-04-01,2022,4,6,Adilabad,10988,2450,2077,236,1370,36528123,27125,6269178,19254,40,Q2
2022-05-01,2022,5,6,Adilabad,12316,1814,2244,261,592,34935138,20057,9307283,13875,41,Q2
2022-06-01,2022,6,6,Adilabad,9315,2185,1760,63,1148,44106433,49659,1974745,23249,42,Q2
2022-07-01,2022,7,6,Adilabad,14100,2055,2671,64,1738,17385279,22748,7217767,17291,43,Q3
2022-08-01,2022,8,6,Adilabad,5631,2720,2935,185,1397,8897832,24114,8733449,5779,44,Q3
2022-09-01,2022,9,6,Adilabad,11334,4808,1074,177,1624,28063837,43307,7734407,11012,45,Q3
2022-10-01,2022,10,6,Adilabad,13787,3761,2496,77,1592,92765871,21660,2112052,7040,46,Q4
2022-11-01,2022,11,6,Adilabad,14063,4631,2421,124,1405,67388024,12801,1136185,23626,47,Q4
2022-12-01,2022,12,6,Adilabad,8401,4376,1218,287,1008,49544869,17236,5597814,12104,48,Q4
2023-01-01,2023,1,6,Adilabad,13344,1639,896,142,950,58691694,21937,8192439,5250,49,Q1
2023-02-01,2023,2,6,Adilabad,7898,2634,2637,150,1019,36828756,25385,7682264,7901,50,Q1
2023-03-01,2023,3,6,Adilabad,11151,1001,2301,95,1881,25083141,21086,9203952,15499,51,Q1
2023-04-01,2023,4,6,Adilabad,11672,4369,1017,74,1628,26321107,20319,8137944,18689,52,Q2
2023-05-01,2023,5,6,Adilabad,13050,1708,1757,100,1371,80677099,12518,4892664,8171,53,Q2
2023-06-01,2023,6,6,Adilabad,7092,3098,2404,147,1502,41486795,17620,8077617,20536,54,Q2
2023-07-01,2023,7,6,Adilabad,13055,1939,1442,102,607,69459505,27380,3988051,24982,55,Q3
2023-08-01,2023,8,6,Adilabad,11152,4496,2029,173,938,25271180,36855,2494812,6581,56,Q3
2023-09-01,2023,9,6,Adilabad,7480,3183,2759,209,144,36578632,46506,3031876,23761,57,Q3
2023-10-01,2023,10,6,Adilabad,13919,3381,2577,234,1297,85818153,32663,8395995,19990,58,Q4
2023-11-01,2023,11,6,Adilabad,13268,1956,2642,50,673,30203877,49699,6992937,9593,59,Q4
2023-12-01,2023,12,6,Adilabad,8739,2241,2207,290,1811,39959883,28541,2087438,12011,60,Q4
2019-01-01,2019,1,7,Mahabubnagar,5679,3878,1632,187,775,64528711,24547,6797634,12960,1,Q1
2019-02-01,2019,2,7,Mahabubnagar,5488,4480,1255,269,1094,9125386,47419,2201360,19628,2,Q1
2019-03-01,2019,3,7,Mahabubnagar,8803,3162,2951,256,1495,33900831,46587,1594800,10591,3,Q1
2019-04-01,2019,4,7,Mahabubnagar,5727,1352,768,122,1980,66967291,37993,6633418,9857,4,Q2
2019-05-01,2019,5,7,Mahabubnagar,11052,3680,2002,127,843,90864878,49207,1522125,13213,5,Q2
2019-06-01,2019,6,7,Mahabubnagar,6997,1679,1433,242,583,15806855,31444,8846736,14194,6,Q2
2019-07-01,2019,7,7,Mahabubnagar,14505,2126,779,157,324,72537880,37679,3435494,12667,7,Q3
2019-08-01,2019,8,7,Mahabubnagar,12321,3810,1938,273,1824,33000185,40039,4596886,15580,8,Q3
2019-09-01,2019,9,7,Mahabubnagar,13240,4648,676,295,1775,72206152,15633,8793784,6363,9,Q3
2019-10-01,2019,10,7,Mahabubnagar,7618,2345,2230,55,228,16953240,35678,3441398,22653,10,Q4
2019-11-01,2019,11,7,Mahabubnagar,12258,1581,1172,91,1221,36866137,46950,6164143,13044,11,Q4
2019-12-01,2019,12,7,Mahabubnagar,10652,2284,2181,137,767,82088468,28848,4831512,10863,12,Q4
2020-01-01,2020,1,7,Mahabubnagar,7649,3857,1809,187,1832,41736842,22454,1479371,17354,13,Q1
2020-02-01,2020,2,7,Mahabubnagar,5408,2116,2363,242,1772,64294632,37649,4575198,10448,14,Q1
2020-03-01,2020,3,7,Mahabubnagar,7390,3259,785,242,652,18209180,22815,8876920,22457,15,Q1
2020-04-01,2020,4,7,Mahabubnagar,14563,4588,2295,162,1175,36064534,16029,5411045,5984,16,Q2
2020-05-01,2020,5,7,Mahabubnagar,5593,2495,1630,199,1439,53810157,31264,9705268,12500,17,Q2
2020-06-01,2020,6,7,Mahabubnagar,10166,4018,1566,244,967,68005626,48932,3152915,23361,18,Q2
2020-07-01,2020,7,7,Mahabubnagar,12135,2462,2985,211,1532,80720033,21847,7031306,9177,19,Q3
2020-08-01,2020,8,7,Mahabubnagar,13455,3142,718,165,519,18940877,43100,8039877,8094,20,Q3
2020-09-01,2020,9,7,Mahabubnagar,13126,3351,1389,219,1477,94537384,31745,1693073,14929,21,Q3
2020-10-01,2020,10,7,Mahabubnagar,13480,4556,1744,110,836,23432280,44815,9689326,9439,22,Q4
2020-11-01,2020,11,7,Mahabubnagar,10504,1478,2053,114,384,72032561,20009,3046896,5413,23,Q4
2020-12-01,2020,12,7,Mahabubnagar,11150,4664,1666,198,532,4078333,37997,2447315,7230,24,Q4
2021-01-01,2021,1,7,Mahabubnagar,13091,1393,2569,225,903,84337552,16894,4147927,20963,25,Q1
2021-02-01,2021,2,7,Mahabubnagar,13863,4966,1739,271,123,96034730,18234,8359057,9944,26,Q1
2021-03-01,2021,3,7,Mahabubnagar,7771,2704,1222,95,1731,45496492,33826,2249607,16669,27,Q1
2021-04-01,2021,4,7,Mahabubnagar,13642,3327,1079,79,211,77868382,47372,9640048,9165,28,Q2
2021-05-01,2021,5,7,Mahabubnagar,10444,4564,820,279,1551,37822086,14323,4349958,11504,29,Q2
2021-06-01,2021,6,7,Mahabubnagar,14780,3571,1695,218,761,91415997,49759,6635831,8694,30,Q2
2021-07-01,2021,7,7,Mahabubnagar,8879,4916,1671,208,317,20454584,38027,6745112,15239,31,Q3
2021-08-01,2021,8,7,Mahabubnagar,5577,3373,655,215,563,50447070,42189,3834095,22633,32,Q3
2021-09-01,2021,9,7,Mahabubnagar,14874,3167,2768,57,1037,20136536,12164,7903034,13265,33,Q3
2021-10-01,2021,10,7,Mahabubnagar,11376,2397,2174,88,212,19300669,34876,4562230,5253,34,Q4
2021-11-01,2021,11,7,Mahabubnagar,5021,4090,2720,182,1282,28458970,49816,9976260,15177,35,Q4
2021-12-01,2021,12,7,Mahabubnagar,13593,4053,970,238,1157,44920905,23389,1358349,7652,36,Q4
2022-01-01,2022,1,7,Mahabubnagar,9956,2063,699,86,153,89185976,27533,3372183,16075,37,Q1
2022-02-01,2022,2,7,Mahabubnagar,7564,2779,756,271,1273,95726612,49255,8089950,21792,38,Q1
2022-03-01,2022,3,7,Mahabubnagar,8962,2054,948,141,1493,4184958,23969,6977501,19794,39,Q1
2022-04-01,2022,4,7,Mahabubnagar,7081,1901,1669,164,1974,15349625,14177,7500199,23551,40,Q2
2022-05-01,2022,5,7,Mahabubnagar,9428,1541,565,73,629,25011852,23483,2646731,20577,41,Q2
2022-06-01,2022,6,7,Mahabubnagar,12982,2637,1138,84,280,42961464,26527,8744948,19267,42,Q2
2022-07-01,2022,7,7,Mahabubnagar,8978,1610,598,178,1228,17379739,41102,3590140,24877,43,Q3
2022-08-01,2022,8,7,Mahabubnagar,10003,1046,1022,189,147,68623575,49198,9478408,5903,44,Q3
2022-09-01,2022,9,7,Mahabubnagar,14295,1699,1449,208,578,87489442,31457,4355568,17727,45,Q3
2022-10-01,2022,10,7,Mahabubnagar,8621,1815,1717,133,1219,21575168,36024,6712254,9958,46,Q4
2022-11-01,2022,11,7,Mahabubnagar,11642,3382,2109,223,1021,91708307,11487,7899055,21753,47,Q4
2022-12-01,2022,12,7,Mahabubnagar,11301,2426,1813,157,1681,66491710,13814,7989759,17359,48,Q4
2023-01-01,2023,1,7,Mahabubnagar,5609,2127,1262,272,712,27949396,27282,3514700,22088,49,Q1
2023-02-01,2023,2,7,Mahabubnagar,14150,3160,1695,145,1479,87721648,28939,6836174,10039,50,Q1
2023-03-01,2023,3,7,Mahabubnagar,5100,2887,770,213,1397,97752285,14827,9778192,10553,51,Q1
2023-04-01,2023,4,7,Mahabubnagar,5638,1721,2927,174,946,20175796,38605,6129534,19455,52,Q2
2023-05-01,2023,5,7,Mahabubnagar,14964,1555,564,118,466,45985196,28735,1490629,10484,53,Q2
2023-06-01,2023,6,7,Mahabubnagar,7780,3266,1569,147,1762,27599254,48560,2505424,24024,54,Q2
2023-07-01,2023,7,7,Mahabubnagar,8077,1221,2231,145,1653,12899667,17271,9679954,20935,55,Q3
2023-08-01,2023,8,7,Mahabubnagar,13469,3268,1309,173,614,60416105,29138,1443043,23524,56,Q3
2023-09-01,2023,9,7,Mahabubnagar,9446,4014,2676,209,443,13640434,15299,7306222,6714,57,Q3
2023-10-01,2023,10,7,Mahabubnagar,11656,3461,1483,205,1254,21603162,15725,3581177,16446,58,Q4
2023-11-01,2023,11,7,Mahabubnagar,7047,2261,1374,232,1962,26581280,25279,9201306,17597,59,Q4
2023-12-01,2023,12,7,Mahabubnagar,13841,4833,1097,236,296,28152476,13851,5599542,8823,60,Q4
2019-01-01,2019,1,8,Nalgonda,14977,1279,889,294,1773,15638351,31133,9289998,7003,1,Q1
2019-02-01,2019,2,8,Nalgonda,12322,4268,2809,256,531,44213511,41288,7817735,11898,2,Q1
2019-03-01,2019,3,8,Nalgonda,14014,4555,1177,89,1378,52240356,48005,2566420,7078,3,Q1
2019-04-01,2019,4,8,Nalgonda,11594,3769,1856,83,831,29171984,15026,9346148,13710,4,Q2
2019-05-01,2019,5,8,Nalgonda,9309,3830,2960,277,861,54671936,34792,9404039,16886,5,Q2
2019-06-01,2019,6,8,Nalgonda,6464,2037,529,62,1537,16013477,44486,4860957,18098,6,Q2
2019-07-01,2019,7,8,Nalgonda,8942,4216,1503,287,1071,33718234,43384,9606295,24890,7,Q3
2019-08-01,2019,8,8,Nalgonda,6760,1296,2805,235,1735,95052561,31190,2039090,11870,8,Q3
2019-09-01,2019,9,8,Nalgonda,6261,3183,534,69,1252,61517564,31541,9948606,16901,9,Q3
2019-10-01,2019,10,8,Nalgonda,12124,3904,2815,57,464,8855494,42985,5423057,14657,10,Q4
2019-11-01,2019,11,8,Nalgonda,11112,3370,2249,132,1193,17241704,29559,9431153,6958,11,Q4
2019-12-01,2019,12,8,Nalgonda,13395,4813,585,164,436,6738642,25385,5698678,5427,12,Q4
2020-01-01,2020,1,8,Nalgonda,10384,2466,969,69,1879,88133007,38931,5915768,7552,13,Q1
2020-02-01,2020,2,8,Nalgonda,10765,1234,1325,63,719,30761776,33235,9245841,10356,14,Q1
2020-03-01,2020,3,8,Nalgonda,11713,3922,2260,204,1716,57986854,26641,6970884,13929,15,Q1
2020-04-01,2020,4,8,Nalgonda,13701,3451,2879,143,1423,34212238,22896,6885587,9014,16,Q2
2020-05-01,2020,5,8,Nalgonda,5101,1978,1381,83,1024,67176333,10687,8345751,10658,17,Q2
2020-06-01,2020,6,8,Nalgonda,12902,1856,1488,139,172,4058237,47358,9086086,21033,18,Q2
2020-07-01,2020,7,8,Nalgonda,5523,3161,939,142,1978,14946645,10048,9921308,8946,19,Q3
2020-08-01,2020,8,8,Nalgonda,12135,1537,2359,249,1970,25204333,42453,6473886,11895,20,Q3
2020-09-01,2020,9,8,Nalgonda,10582,1186,2671,252,914,16765730,44435,2081813,20951,21,Q3
2020-10-01,2020,10,8,Nalgonda,6976,2495,2268,252,438,33900523,21645,4012443,23969,22,Q4
2020-11-01,2020,11,8,Nalgonda,12040,4192,552,284,1065,99063580,40772,9095950,22031,23,Q4
2020-12-01,2020,12,8,Nalgonda,5139,1657,2020,263,1203,34388191,25031,3349853,17893,24,Q4
2021-01-01,2021,1,8,Nalgonda,13912,2166,1024,90,239,51135448,39212,1342723,17578,25,Q1
2021-02-01,2021,2,8,Nalgonda,12159,2899,1498,181,1083,22994772,13883,5220960,17274,26,Q1
2021-03-01,2021,3,8,Nalgonda,10838,4644,2899,269,532,53488358,29910,3349711,22135,27,Q1
2021-04-01,2021,4,8,Nalgonda,14995,2882,1871,211,1270,17042482,15411,2333464,18194,28,Q2
2021-05-01,2021,5,8,Nalgonda,5256,3004,806,228,1004,67267432,43280,3010229,10775,29,Q2
2021-06-01,2021,6,8,Nalgonda,9488,4132,656,232,206,9148812,42694,3192192,10421,30,Q2
2021-07-01,2021,7,8,Nalgonda,11032,3673,2464,191,1017,75937546,30611,8903960,23244,31,Q3
2021-08-01,2021,8,8,Nalgonda,13259,4007,2713,97,1506,49008166,10654,5273926,15048,32,Q3
2021-09-01,2021,9,8,Nalgonda,9795,2473,2221,112,1034,64531040,34812,8682900,16025,33,Q3
2021-10-01,2021,10,8,Nalgonda,13034,3799,2348,279,558,11512874,32325,8203800,12748,34,Q4
2021-11-01,2021,11,8,Nalgonda,7838,4100,632,113,944,66492864,11285,6529028,13743,35,Q4
2021-12-01,2021,12,8,Nalgonda,13783,2769,825,54,900,21474232,23516,5237402,19705,36,Q4
2022-01-01,2022,1,8,Nalgonda,11544,3401,1840,267,249,39495581,38072,2627771,19324,37,Q1
2022-02-01,2022,2,8,Nalgonda,10501,1999,1574,181,1856,92938106,38329,1398492,21339,38,Q1
2022-03-01,2022,3,8,Nalgonda,8339,3131,2374,249,998,87157947,18378,8786717,23514,39,Q1
2022-04-01,2022,4,8,Nalgonda,6701,3385,2113,57,1051,49179165,19236,3566925,10996,40,Q2
2022-05-01,2022,5,8,Nalgonda,10918,4073,2483,285,292,19949923,28485,7460621,13351,41,Q2
2022-06-01,2022,6,8,Nalgonda,11225,1976,1743,171,1038,79310077,43760,6197590,17128,42,Q2
2022-07-01,2022,7,8,Nalgonda,14358,2497,601,127,1722,78200379,33352,8800579,13056,43,Q3
2022-08-01,2022,8,8,Nalgonda,11791,3952,729,299,1751,68110518,12644,5919955,10392,44,Q3
2022-09-01,2022,9,8,Nalgonda,9013,2892,1200,235,539,39315841,17904,3338656,19084,45,Q3
2022-10-01,2022,10,8,Nalgonda,6583,3952,1244,230,1268,98663406,14435,5972551,18292,46,Q4
2022-11-01,2022,11,8,Nalgonda,8559,1610,2815,226,1538,70815672,17750,4890649,21121,47,Q4
2022-12-01,2022,12,8,Nalgonda,10772,3144,649,287,1471,6901248,19420,4476522,7440,48,Q4
2023-01-01,2023,1,8,Nalgonda,9031,4749,2867,270,1819,64621530,16746,6271327,9530,49,Q1
2023-02-01,2023,2,8,Nalgonda,9160,4147,1043,127,1065,46473016,27608,2124993,5389,50,Q1
2023-03-01,2023,3,8,Nalgonda,12304,4118,1758,106,1133,18942238,19972,7797883,7191,51,Q1
2023-04-01,2023,4,8,Nalgonda,14334,4012,2298,259,1473,81017756,16724,8331623,23891,52,Q2
2023-05-01,2023,5,8,Nalgonda,13127,2936,1053,125,1112,65677727,22611,7304158,14864,53,Q2
2023-06-01,2023,6,8,Nalgonda,5812,4553,1392,70,1087,54885249,48555,2585714,5198,54,Q2
2023-07-01,2023,7,8,Nalgonda,6596,3838,1435,213,1632,45163158,26819,6526355,17056,55,Q3
2023-08-01,2023,8,8,Nalgonda,14734,2102,1365,168,403,87602443,20030,8841549,18450,56,Q3
2023-09-01,2023,9,8,Nalgonda,11165,4485,2536,134,171,32894785,40384,2302747,8799,57,Q3
2023-10-01,2023,10,8,Nalgonda,11037,4045,1791,194,568,51224570,24340,8593831,13321,58,Q4
2023-11-01,2023,11,8,Nalgonda,10867,4528,1811,79,1545,65662959,27646,4662192,19161,59,Q4
2023-12-01,2023,12,8,Nalgonda,8663,1868,1886,203,1083,61830074,19756,5478839,18830,60,Q4
