dist_code,month,documents_registered_rev,estamps_challans_rev,documents_registered_cnt,estamps_challans_cnt
D01,2019-04-01,190600,114360,3812,1906
D01,2019-05-01,190600,114360,3812,1906
D01,2019-06-01,190600,114360,3812,1906
D01,2019-07-01,190600,114360,3812,1906
D01,2019-08-01,190600,114360,3812,1906
D01,2019-09-01,190600,114360,3812,1906
D01,2019-10-01,190600,114360,3812,1906
D01,2019-11-01,190600,114360,3812,1906
D01,2019-12-01,190600,114360,3812,1906
D01,2020-01-01,190600,114360,3812,1906
D01,2020-02-01,190600,114360,3812,1906
D01,2020-03-01,190600,114360,3812,1906
D01,2020-04-01,190600,114360,3812,1906
D01,2020-05-01,190600,114360,3812,1906
D01,2020-06-01,190600,114360,3812,1906
D01,2020-07-01,190600,114360,3812,1906
D01,2020-08-01,190600,114360,3812,1906
D01,2020-09-01,190600,114360,3812,1906
D01,2020-10-01,190600,114360,3812,1906
D01,2020-11-01,190600,114360,3812,1906
D01,2020-12-01,190600,114360,3812,1906
D01,2021-01-01,190600,114360,3812,1906
D01,2021-02-01,190600,114360,3812,1906
D01,2021-03-01,190600,114360,3812,1906
D01,2021-04-01,190600,114360,3812,1906
D01,2021-05-01,190600,114360,3812,1906
D01,2021-06-01,190600,114360,3812,1906
D01,2021-07-01,190600,114360,3812,1906
D01,2021-08-01,190600,114360,3812,1906
D01,2021-09-01,190600,114360,3812,1906
D01,2021-10-01,190600,114360,3812,1906
D01,2021-11-01,190600,114360,3812,1906
D01,2021-12-01,190600,114360,3812,1906
D01,2022-01-01,190600,114360,3812,1906
D01,2022-02-01,190600,114360,3812,1906
D01,2022-03-01,190600,114360,3812,1906
D01,2022-04-01,190600,114360,3812,1906
D01,2022-05-01,190600,114360,3812,1906
D01,2022-06-01,190600,114360,3812,1906
D01,2022-07-01,190600,114360,3812,1906
D01,2022-08-01,190600,114360,3812,1906
D01,2022-09-01,190600,114360,3812,1906
D01,2022-10-01,190600,114360,3812,1906
D01,2022-11-01,190600,114360,3812,1906
D01,2022-12-01,190600,114360,3812,1906
D01,2023-01-01,190600,114360,3812,1906
D01,2023-02-01,190600,114360,3812,1906
D01,2023-03-01,190600,114360,3812,1906
D02,2019-04-01,197700,118620,3954,1977
D02,2019-05-01,197700,118620,3954,1977
D02,2019-06-01,197700,118620,3954,1977
D02,2019-07-01,197700,118620,3954,1977
D02,2019-08-01,197700,118620,3954,1977
D02,2019-09-01,197700,118620,3954,1977
D02,2019-10-01,197700,118620,3954,1977
D02,2019-11-01,197700,118620,3954,1977
D02,2019-12-01,197700,118620,3954,1977
D02,2020-01-01,197700,118620,3954,1977
D02,2020-02-01,197700,118620,3954,1977
D02,2020-03-01,197700,118620,3954,1977
D02,2020-04-01,197700,118620,3954,1977
D02,2020-05-01,197700,118620,3954,1977
D02,2020-06-01,197700,118620,3954,1977
D02,2020-07-01,197700,118620,3954,1977
D02,2020-08-01,197700,118620,3954,1977
D02,2020-09-01,197700,118620,3954,1977
D02,2020-10-01,197700,118620,3954,1977
D02,2020-11-01,197700,118620,3954,1977
D02,2020-12-01,197700,118620,3954,1977
D02,2021-01-01,197700,118620,3954,1977
D02,2021-02-01,197700,118620,3954,1977
D02,2021-03-01,197700,118620,3954,1977
D02,2021-04-01,197700,118620,3954,1977
D02,2021-05-01,197700,118620,3954,1977
D02,2021-06-01,197700,118620,3954,1977
D02,2021-07-01,197700,118620,3954,1977
D02,2021-08-01,197700,118620,3954,1977
D02,2021-09-01,197700,118620,3954,1977
D02,2021-10-01,197700,118620,3954,1977
D02,2021-11-01,197700,118620,3954,1977
D02,2021-12-01,197700,118620,3954,1977
D02,2022-01-01,197700,118620,3954,1977
D02,2022-02-01,197700,118620,3954,1977
D02,2022-03-01,197700,118620,3954,1977
D02,2022-04-01,197700,118620,3954,1977
D02,2022-05-01,197700,118620,3954,1977
D02,2022-06-01,197700,118620,3954,1977
D02,2022-07-01,197700,118620,3954,1977
D02,2022-08-01,197700,118620,3954,1977
D02,2022-09-01,197700,118620,3954,1977
D02,2022-10-01,197700,118620,3954,1977
D02,2022-11-01,197700,118620,3954,1977
D02,2022-12-01,197700,118620,3954,1977
D02,2023-01-01,197700,118620,3954,1977
D02,2023-02-01,197700,118620,3954,1977
D02,2023-03-01,197700,118620,3954,1977
D03,2019-04-01,168300,100980,3366,1683
D03,2019-05-01,168300,100980,3366,1683
D03,2019-06-01,168300,100980,3366,1683
D03,2019-07-01,168300,100980,3366,1683
D03,2019-08-01,168300,100980,3366,1683
D03,2019-09-01,168300,100980,3366,1683
D03,2019-10-01,168300,100980,3366,1683
D03,2019-11-01,168300,100980,3366,1683
D03,2019-12-01,168300,100980,3366,1683
D03,2020-01-01,168300,100980,3366,1683
D03,2020-02-01,168300,100980,3366,1683
D03,2020-03-01,168300,100980,3366,1683
D03,2020-04-01,168300,100980,3366,1683
D03,2020-05-01,168300,100980,3366,1683
D03,2020-06-01,168300,100980,3366,1683
D03,2020-07-01,168300,100980,3366,1683
D03,2020-08-01,168300,100980,3366,1683
D03,2020-09-01,168300,100980,3366,1683
D03,2020-10-01,168300,100980,3366,1683
D03,2020-11-01,168300,100980,3366,1683
D03,2020-12-01,168300,100980,3366,1683
D03,2021-01-01,168300,100980,3366,1683
D03,2021-02-01,168300,100980,3366,1683
D03,2021-03-01,168300,100980,3366,1683
D03,2021-04-01,168300,100980,3366,1683
D03,2021-05-01,168300,100980,3366,1683
D03,2021-06-01,168300,100980,3366,1683
D03,2021-07-01,168300,100980,3366,1683
D03,2021-08-01,168300,100980,3366,1683
D03,2021-09-01,168300,100980,3366,1683
D03,2021-10-01,168300,100980,3366,1683
D03,2021-11-01,168300,100980,3366,1683
D03,2021-12-01,168300,100980,3366,1683
D03,2022-01-01,168300,100980,3366,1683
D03,2022-02-01,168300,100980,3366,1683
D03,2022-03-01,168300,100980,3366,1683
D03,2022-04-01,168300,100980,3366,1683
D03,2022-05-01,168300,100980,3366,1683
D03,2022-06-01,168300,100980,3366,1683
D03,2022-07-01,168300,100980,3366,1683
D03,2022-08-01,168300,100980,3366,1683
D03,2022-09-01,168300,100980,3366,1683
D03,2022-10-01,168300,100980,3366,1683
D03,2022-11-01,168300,100980,3366,1683
D03,2022-12-01,168300,100980,3366,1683
D03,2023-01-01,168300,100980,3366,1683
D03,2023-02-01,168300,100980,3366,1683
D03,2023-03-01,168300,100980,3366,1683
D04,2019-04-01,172900,103740,3458,1729
D04,2019-05-01,172900,103740,3458,1729
D04,2019-06-01,172900,103740,3458,1729
D04,2019-07-01,172900,103740,3458,1729
D04,2019-08-01,172900,103740,3458,1729
D04,2019-09-01,172900,103740,3458,1729
D04,2019-10-01,172900,103740,3458,1729
D04,2019-11-01,172900,103740,3458,1729
D04,2019-12-01,172900,103740,3458,1729
D04,2020-01-01,172900,103740,3458,1729
D04,2020-02-01,172900,103740,3458,1729
D04,2020-03-01,172900,103740,3458,1729
D04,2020-04-01,172900,103740,3458,1729
D04,2020-05-01,172900,103740,3458,1729
D04,2020-06-01,172900,103740,3458,1729
D04,2020-07-01,172900,103740,3458,1729
D04,2020-08-01,172900,103740,3458,1729
D04,2020-09-01,172900,103740,3458,1729
D04,2020-10-01,172900,103740,3458,1729
D04,2020-11-01,172900,103740,3458,1729
D04,2020-12-01,172900,103740,3458,1729
D04,2021-01-01,172900,103740,3458,1729
D04,2021-02-01,172900,103740,3458,1729
D04,2021-03-01,172900,103740,3458,1729
D04,2021-04-01,172900,103740,3458,1729
D04,2021-05-01,172900,103740,3458,1729
D04,2021-06-01,172900,103740,3458,1729
D04,2021-07-01,172900,103740,3458,1729
D04,2021-08-01,172900,103740,3458,1729
D04,2021-09-01,172900,103740,3458,1729
D04,2021-10-01,172900,103740,3458,1729
D04,2021-11-01,172900,103740,3458,1729
D04,2021-12-01,172900,103740,3458,1729
D04,2022-01-01,172900,103740,3458,1729
D04,2022-02-01,172900,103740,3458,1729
D04,2022-03-01,172900,103740,3458,1729
D04,2022-04-01,172900,103740,3458,1729
D04,2022-05-01,172900,103740,3458,1729
D04,2022-06-01,172900,103740,3458,1729
D04,2022-07-01,172900,103740,3458,1729
D04,2022-08-01,172900,103740,3458,1729
D04,2022-09-01,172900,103740,3458,1729
D04,2022-10-01,172900,103740,3458,1729
D04,2022-11-01,172900,103740,3458,1729
D04,2022-12-01,172900,103740,3458,1729
D04,2023-01-01,172900,103740,3458,1729
D04,2023-02-01,172900,103740,3458,1729
D04,2023-03-01,172900,103740,3458,1729
D05,2019-04-01,137100,82260,2742,1371
D05,2019-05-01,137100,82260,2742,1371
D05,2019-06-01,137100,82260,2742,1371
D05,2019-07-01,137100,82260,2742,1371
D05,2019-08-01,137100,82260,2742,1371
D05,2019-09-01,137100,82260,2742,1371
D05,2019-10-01,137100,82260,2742,1371
D05,2019-11-01,137100,82260,2742,1371
D05,2019-12-01,137100,82260,2742,1371
D05,2020-01-01,137100,82260,2742,1371
D05,2020-02-01,137100,82260,2742,1371
D05,2020-03-01,137100,82260,2742,1371
D05,2020-04-01,137100,82260,2742,1371
D05,2020-05-01,137100,82260,2742,1371
D05,2020-06-01,137100,82260,2742,1371
D05,2020-07-01,137100,82260,2742,1371
D05,2020-08-01,137100,82260,2742,1371
D05,2020-09-01,137100,82260,2742,1371
D05,2020-10-01,137100,82260,2742,1371
D05,2020-11-01,137100,82260,2742,1371
D05,2020-12-01,137100,82260,2742,1371
D05,2021-01-01,137100,82260,2742,1371
D05,2021-02-01,137100,82260,2742,1371
D05,2021-03-01,137100,82260,2742,1371
D05,2021-04-01,137100,82260,2742,1371
D05,2021-05-01,137100,82260,2742,1371
D05,2021-06-01,137100,82260,2742,1371
D05,2021-07-01,137100,82260,2742,1371
D05,2021-08-01,137100,82260,2742,1371
D05,2021-09-01,137100,82260,2742,1371
D05,2021-10-01,137100,82260,2742,1371
D05,2021-11-01,137100,82260,2742,1371
D05,2021-12-01,137100,82260,2742,1371
D05,2022-01-01,137100,82260,2742,1371
D05,2022-02-01,137100,82260,2742,1371
D05,2022-03-01,137100,82260,2742,1371
D05,2022-04-01,137100,82260,2742,1371
D05,2022-05-01,137100,82260,2742,1371
D05,2022-06-01,137100,82260,2742,1371
D05,2022-07-01,137100,82260,2742,1371
D05,2022-08-01,137100,82260,2742,1371
D05,2022-09-01,137100,82260,2742,1371
D05,2022-10-01,137100,82260,2742,1371
D05,2022-11-01,137100,82260,2742,1371
D05,2022-12-01,137100,82260,2742,1371
D05,2023-01-01,137100,82260,2742,1371
D05,2023-02-01,137100,82260,2742,1371
D05,2023-03-01,137100,82260,2742,1371
D06,2019-04-01,64500,38700,1290,645
D06,2019-05-01,64500,38700,1290,645
D06,2019-06-01,64500,38700,1290,645
D06,2019-07-01,64500,38700,1290,645
D06,2019-08-01,64500,38700,1290,645
D06,2019-09-01,64500,38700,1290,645
D06,2019-10-01,64500,38700,1290,645
D06,2019-11-01,64500,38700,1290,645
D06,2019-12-01,64500,38700,1290,645
D06,2020-01-01,64500,38700,1290,645
D06,2020-02-01,64500,38700,1290,645
D06,2020-03-01,64500,38700,1290,645
D06,2020-04-01,64500,38700,1290,645
D06,2020-05-01,64500,38700,1290,645
D06,2020-06-01,64500,38700,1290,645
D06,2020-07-01,64500,38700,1290,645
D06,2020-08-01,64500,38700,1290,645
D06,2020-09-01,64500,38700,1290,645
D06,2020-10-01,64500,38700,1290,645
D06,2020-11-01,64500,38700,1290,645
D06,2020-12-01,64500,38700,1290,645
D06,2021-01-01,64500,38700,1290,645
D06,2021-02-01,64500,38700,1290,645
D06,2021-03-01,64500,38700,1290,645
D06,2021-04-01,64500,38700,1290,645
D06,2021-05-01,64500,38700,1290,645
D06,2021-06-01,64500,38700,1290,645
D06,2021-07-01,64500,38700,1290,645
D06,2021-08-01,64500,38700,1290,645
D06,2021-09-01,64500,38700,1290,645
D06,2021-10-01,64500,38700,1290,645
D06,2021-11-01,64500,38700,1290,645
D06,2021-12-01,64500,38700,1290,645
D06,2022-01-01,64500,38700,1290,645
D06,2022-02-01,64500,38700,1290,645
D06,2022-03-01,64500,38700,1290,645
D06,2022-04-01,64500,38700,1290,645
D06,2022-05-01,64500,38700,1290,645
D06,2022-06-01,64500,38700,1290,645
D06,2022-07-01,64500,38700,1290,645
D06,2022-08-01,64500,38700,1290,645
D06,2022-09-01,64500,38700,1290,645
D06,2022-10-01,64500,38700,1290,645
D06,2022-11-01,64500,38700,1290,645
D06,2022-12-01,64500,38700,1290,645
D06,2023-01-01,64500,38700,1290,645
D06,2023-02-01,64500,38700,1290,645
D06,2023-03-01,64500,38700,1290,645
D07,2019-04-01,156300,93780,3126,1563
D07,2019-05-01,156300,93780,3126,1563
D07,2019-06-01,156300,93780,3126,1563
D07,2019-07-01,156300,93780,3126,1563
D07,2019-08-01,156300,93780,3126,1563
D07,2019-09-01,156300,93780,3126,1563
D07,2019-10-01,156300,93780,3126,1563
D07,2019-11-01,156300,93780,3126,1563
D07,2019-12-01,156300,93780,3126,1563
D07,2020-01-01,156300,93780,3126,1563
D07,2020-02-01,156300,93780,3126,1563
D07,2020-03-01,156300,93780,3126,1563
D07,2020-04-01,156300,93780,3126,1563
D07,2020-05-01,156300,93780,3126,1563
D07,2020-06-01,156300,93780,3126,1563
D07,2020-07-01,156300,93780,3126,1563
D07,2020-08-01,156300,93780,3126,1563
D07,2020-09-01,156300,93780,3126,1563
D07,2020-10-01,156300,93780,3126,1563
D07,2020-11-01,156300,93780,3126,1563
D07,2020-12-01,156300,93780,3126,1563
D07,2021-01-01,156300,93780,3126,1563
D07,2021-02-01,156300,93780,3126,1563
D07,2021-03-01,156300,93780,3126,1563
D07,2021-04-01,156300,93780,3126,1563
D07,2021-05-01,156300,93780,3126,1563
D07,2021-06-01,156300,93780,3126,1563
D07,2021-07-01,156300,93780,3126,1563
D07,2021-08-01,156300,93780,3126,1563
D07,2021-09-01,156300,93780,3126,1563
D07,2021-10-01,156300,93780,3126,1563
D07,2021-11-01,156300,93780,3126,1563
D07,2021-12-01,156300,93780,3126,1563
D07,2022-01-01,156300,93780,3126,1563
D07,2022-02-01,156300,93780,3126,1563
D07,2022-03-01,156300,93780,3126,1563
D07,2022-04-01,156300,93780,3126,1563
D07,2022-05-01,156300,93780,3126,1563
D07,2022-06-01,156300,93780,3126,1563
D07,2022-07-01,156300,93780,3126,1563
D07,2022-08-01,156300,93780,3126,1563
D07,2022-09-01,156300,93780,3126,1563
D07,2022-10-01,156300,93780,3126,1563
D07,2022-11-01,156300,93780,3126,1563
D07,2022-12-01,156300,93780,3126,1563
D07,2023-01-01,156300,93780,3126,1563
D07,2023-02-01,156300,93780,3126,1563
D07,2023-03-01,156300,93780,3126,1563
D08,2019-04-01,185000,111000,3700,1850
D08,2019-05-01,185000,111000,3700,1850
D08,2019-06-01,185000,111000,3700,1850
D08,2019-07-01,185000,111000,3700,1850
D08,2019-08-01,185000,111000,3700,1850
D08,2019-09-01,185000,111000,3700,1850
D08,2019-10-01,185000,111000,3700,1850
D08,2019-11-01,185000,111000,3700,1850
D08,2019-12-01,185000,111000,3700,1850
D08,2020-01-01,185000,111000,3700,1850
D08,2020-02-01,185000,111000,3700,1850
D08,2020-03-01,185000,111000,3700,1850
D08,2020-04-01,185000,111000,3700,1850
D08,2020-05-01,185000,111000,3700,1850
D08,2020-06-01,185000,111000,3700,1850
D08,2020-07-01,185000,111000,3700,1850
D08,2020-08-01,185000,111000,3700,1850
D08,2020-09-01,185000,111000,3700,1850
D08,2020-10-01,185000,111000,3700,1850
D08,2020-11-01,185000,111000,3700,1850
D08,2020-12-01,185000,111000,3700,1850
D08,2021-01-01,185000,111000,3700,1850
D08,2021-02-01,185000,111000,3700,1850
D08,2021-03-01,185000,111000,3700,1850
D08,2021-04-01,185000,111000,3700,1850
D08,2021-05-01,185000,111000,3700,1850
D08,2021-06-01,185000,111000,3700,1850
D08,2021-07-01,185000,111000,3700,1850
D08,2021-08-01,185000,111000,3700,1850
D08,2021-09-01,185000,111000,3700,1850
D08,2021-10-01,185000,111000,3700,1850
D08,2021-11-01,185000,111000,3700,1850
D08,2021-12-01,185000,111000,3700,1850
D08,2022-01-01,185000,111000,3700,1850
D08,2022-02-01,185000,111000,3700,1850
D08,2022-03-01,185000,111000,3700,1850
D08,2022-04-01,185000,111000,3700,1850
D08,2022-05-01,185000,111000,3700,1850
D08,2022-06-01,185000,111000,3700,1850
D08,2022-07-01,185000,111000,3700,1850
D08,2022-08-01,185000,111000,3700,1850
D08,2022-09-01,185000,111000,3700,1850
D08,2022-10-01,185000,111000,3700,1850
D08,2022-11-01,185000,111000,3700,1850
D08,2022-12-01,185000,111000,3700,1850
D08,2023-01-01,185000,111000,3700,1850
D08,2023-02-01,185000,111000,3700,1850
D08,2023-03-01,185000,111000,3700,1850
D09,2019-04-01,66000,39600,1320,660
D09,2019-05-01,66000,39600,1320,660
D09,2019-06-01,66000,39600,1320,660
D09,2019-07-01,66000,39600,1320,660
D09,2019-08-01,66000,39600,1320,660
D09,2019-09-01,66000,39600,1320,660
D09,2019-10-01,66000,39600,1320,660
D09,2019-11-01,66000,39600,1320,660
D09,2019-12-01,66000,39600,1320,660
D09,2020-01-01,66000,39600,1320,660
D09,2020-02-01,66000,39600,1320,660
D09,2020-03-01,66000,39600,1320,660
D09,2020-04-01,66000,39600,1320,660
D09,2020-05-01,66000,39600,1320,660
D09,2020-06-01,66000,39600,1320,660
D09,2020-07-01,66000,39600,1320,660
D09,2020-08-01,66000,39600,1320,660
D09,2020-09-01,66000,39600,1320,660
D09,2020-10-01,66000,39600,1320,660
D09,2020-11-01,66000,39600,1320,660
D09,2020-12-01,66000,39600,1320,660
D09,2021-01-01,66000,39600,1320,660
D09,2021-02-01,66000,39600,1320,660
D09,2021-03-01,66000,39600,1320,660
D09,2021-04-01,66000,39600,1320,660
D09,2021-05-01,66000,39600,1320,660
D09,2021-06-01,66000,39600,1320,660
D09,2021-07-01,66000,39600,1320,660
D09,2021-08-01,66000,39600,1320,660
D09,2021-09-01,66000,39600,1320,660
D09,2021-10-01,66000,39600,1320,660
D09,2021-11-01,66000,39600,1320,660
D09,2021-12-01,66000,39600,1320,660
D09,2022-01-01,66000,39600,1320,660
D09,2022-02-01,66000,39600,1320,660
D09,2022-03-01,66000,39600,1320,660
D09,2022-04-01,66000,39600,1320,660
D09,2022-05-01,66000,39600,1320,660
D09,2022-06-01,66000,39600,1320,660
D09,2022-07-01,66000,39600,1320,660
D09,2022-08-01,66000,39600,1320,660
D09,2022-09-01,66000,39600,1320,660
D09,2022-10-01,66000,39600,1320,660
D09,2022-11-01,66000,39600,1320,660
D09,2022-12-01,66000,39600,1320,660
D09,2023-01-01,66000,39600,1320,660
D09,2023-02-01,66000,39600,1320,660
D09,2023-03-01,66000,39600,1320,660
D10,2019-04-01,186800,112080,3736,1868
D10,2019-05-01,186800,112080,3736,1868
D10,2019-06-01,186800,112080,3736,1868
D10,2019-07-01,186800,112080,3736,1868
D10,2019-08-01,186800,112080,3736,1868
D10,2019-09-01,186800,112080,3736,1868
D10,2019-10-01,186800,112080,3736,1868
D10,2019-11-01,186800,112080,3736,1868
D10,2019-12-01,186800,112080,3736,1868
D10,2020-01-01,186800,112080,3736,1868
D10,2020-02-01,186800,112080,3736,1868
D10,2020-03-01,186800,112080,3736,1868
D10,2020-04-01,186800,112080,3736,1868
D10,2020-05-01,186800,112080,3736,1868
D10,2020-06-01,186800,112080,3736,1868
D10,2020-07-01,186800,112080,3736,1868
D10,2020-08-01,186800,112080,3736,1868
D10,2020-09-01,186800,112080,3736,1868
D10,2020-10-01,186800,112080,3736,1868
D10,2020-11-01,186800,112080,3736,1868
D10,2020-12-01,186800,112080,3736,1868
D10,2021-01-01,186800,112080,3736,1868
D10,2021-02-01,186800,112080,3736,1868
D10,2021-03-01,186800,112080,3736,1868
D10,2021-04-01,186800,112080,3736,1868
D10,2021-05-01,186800,112080,3736,1868
D10,2021-06-01,186800,112080,3736,1868
D10,2021-07-01,186800,112080,3736,1868
D10,2021-08-01,186800,112080,3736,1868
D10,2021-09-01,186800,112080,3736,1868
D10,2021-10-01,186800,112080,3736,1868
D10,2021-11-01,186800,112080,3736,1868
D10,2021-12-01,186800,112080,3736,1868
D10,2022-01-01,186800,112080,3736,1868
D10,2022-02-01,186800,112080,3736,1868
D10,2022-03-01,186800,112080,3736,1868
D10,2022-04-01,186800,112080,3736,1868
D10,2022-05-01,186800,112080,3736,1868
D10,2022-06-01,186800,112080,3736,1868
D10,2022-07-01,186800,112080,3736,1868
D10,2022-08-01,186800,112080,3736,1868
D10,2022-09-01,186800,112080,3736,1868
D10,2022-10-01,186800,112080,3736,1868
D10,2022-11-01,186800,112080,3736,1868
D10,2022-12-01,186800,112080,3736,1868
D10,2023-01-01,186800,112080,3736,1868
D10,2023-02-01,186800,112080,3736,1868
D10,2023-03-01,186800,112080,3736,1868
D11,2019-04-01,143100,85860,2862,1431
D11,2019-05-01,143100,85860,2862,1431
D11,2019-06-01,143100,85860,2862,1431
D11,2019-07-01,143100,85860,2862,1431
D11,2019-08-01,143100,85860,2862,1431
D11,2019-09-01,143100,85860,2862,1431
D11,2019-10-01,143100,85860,2862,1431
D11,2019-11-01,143100,85860,2862,1431
D11,2019-12-01,143100,85860,2862,1431
D11,2020-01-01,143100,85860,2862,1431
D11,2020-02-01,143100,85860,2862,1431
D11,2020-03-01,143100,85860,2862,1431
D11,2020-04-01,143100,85860,2862,1431
D11,2020-05-01,143100,85860,2862,1431
D11,2020-06-01,143100,85860,2862,1431
D11,2020-07-01,143100,85860,2862,1431
D11,2020-08-01,143100,85860,2862,1431
D11,2020-09-01,143100,85860,2862,1431
D11,2020-10-01,143100,85860,2862,1431
D11,2020-11-01,143100,85860,2862,1431
D11,2020-12-01,143100,85860,2862,1431
D11,2021-01-01,143100,85860,2862,1431
D11,2021-02-01,143100,85860,2862,1431
D11,2021-03-01,143100,85860,2862,1431
D11,2021-04-01,143100,85860,2862,1431
D11,2021-05-01,143100,85860,2862,1431
D11,2021-06-01,143100,85860,2862,1431
D11,2021-07-01,143100,85860,2862,1431
D11,2021-08-01,143100,85860,2862,1431
D11,2021-09-01,143100,85860,2862,1431
D11,2021-10-01,143100,85860,2862,1431
D11,2021-11-01,143100,85860,2862,1431
D11,2021-12-01,143100,85860,2862,1431
D11,2022-01-01,143100,85860,2862,1431
D11,2022-02-01,143100,85860,2862,1431
D11,2022-03-01,143100,85860,2862,1431
D11,2022-04-01,143100,85860,2862,1431
D11,2022-05-01,143100,85860,2862,1431
D11,2022-06-01,143100,85860,2862,1431
D11,2022-07-01,143100,85860,2862,1431
D11,2022-08-01,143100,85860,2862,1431
D11,2022-09-01,143100,85860,2862,1431
D11,2022-10-01,143100,85860,2862,1431
D11,2022-11-01,143100,85860,2862,1431
D11,2022-12-01,143100,85860,2862,1431
D11,2023-01-01,143100,85860,2862,1431
D11,2023-02-01,143100,85860,2862,1431
D11,2023-03-01,143100,85860,2862,1431
D12,2019-04-01,152700,91620,3054,1527
D12,2019-05-01,152700,91620,3054,1527
D12,2019-06-01,152700,91620,3054,1527
D12,2019-07-01,152700,91620,3054,1527
D12,2019-08-01,152700,91620,3054,1527
D12,2019-09-01,152700,91620,3054,1527
D12,2019-10-01,152700,91620,3054,1527
D12,2019-11-01,152700,91620,3054,1527
D12,2019-12-01,152700,91620,3054,1527
D12,2020-01-01,152700,91620,3054,1527
D12,2020-02-01,152700,91620,3054,1527
D12,2020-03-01,152700,91620,3054,1527
D12,2020-04-01,152700,91620,3054,1527
D12,2020-05-01,152700,91620,3054,1527
D12,2020-06-01,152700,91620,3054,1527
D12,2020-07-01,152700,91620,3054,1527
D12,2020-08-01,152700,91620,3054,1527
D12,2020-09-01,152700,91620,3054,1527
D12,2020-10-01,152700,91620,3054,1527
D12,2020-11-01,152700,91620,3054,1527
D12,2020-12-01,152700,91620,3054,1527
D12,2021-01-01,152700,91620,3054,1527
D12,2021-02-01,152700,91620,3054,1527
D12,2021-03-01,152700,91620,3054,1527
D12,2021-04-01,152700,91620,3054,1527
D12,2021-05-01,152700,91620,3054,1527
D12,2021-06-01,152700,91620,3054,1527
D12,2021-07-01,152700,91620,3054,1527
D12,2021-08-01,152700,91620,3054,1527
D12,2021-09-01,152700,91620,3054,1527
D12,2021-10-01,152700,91620,3054,1527
D12,2021-11-01,152700,91620,3054,1527
D12,2021-12-01,152700,91620,3054,1527
D12,2022-01-01,152700,91620,3054,1527
D12,2022-02-01,152700,91620,3054,1527
D12,2022-03-01,152700,91620,3054,1527
D12,2022-04-01,152700,91620,3054,1527
D12,2022-05-01,152700,91620,3054,1527
D12,2022-06-01,152700,91620,3054,1527
D12,2022-07-01,152700,91620,3054,1527
D12,2022-08-01,152700,91620,3054,1527
D12,2022-09-01,152700,91620,3054,1527
D12,2022-10-01,152700,91620,3054,1527
D12,2022-11-01,152700,91620,3054,1527
D12,2022-12-01,152700,91620,3054,1527
D12,2023-01-01,152700,91620,3054,1527
D12,2023-02-01,152700,91620,3054,1527
D12,2023-03-01,152700,91620,3054,1527
D13,2019-04-01,123600,74160,2472,1236
D13,2019-05-01,123600,74160,2472,1236
D13,2019-06-01,123600,74160,2472,1236
D13,2019-07-01,123600,74160,2472,1236
D13,2019-08-01,123600,74160,2472,1236
D13,2019-09-01,123600,74160,2472,1236
D13,2019-10-01,123600,74160,2472,1236
D13,2019-11-01,123600,74160,2472,1236
D13,2019-12-01,123600,74160,2472,1236
D13,2020-01-01,123600,74160,2472,1236
D13,2020-02-01,123600,74160,2472,1236
D13,2020-03-01,123600,74160,2472,1236
D13,2020-04-01,123600,74160,2472,1236
D13,2020-05-01,123600,74160,2472,1236
D13,2020-06-01,123600,74160,2472,1236
D13,2020-07-01,123600,74160,2472,1236
D13,2020-08-01,123600,74160,2472,1236
D13,2020-09-01,123600,74160,2472,1236
D13,2020-10-01,123600,74160,2472,1236
D13,2020-11-01,123600,74160,2472,1236
D13,2020-12-01,123600,74160,2472,1236
D13,2021-01-01,123600,74160,2472,1236
D13,2021-02-01,123600,74160,2472,1236
D13,2021-03-01,123600,74160,2472,1236
D13,2021-04-01,123600,74160,2472,1236
D13,2021-05-01,123600,74160,2472,1236
D13,2021-06-01,123600,74160,2472,1236
D13,2021-07-01,123600,74160,2472,1236
D13,2021-08-01,123600,74160,2472,1236
D13,2021-09-01,123600,74160,2472,1236
D13,2021-10-01,123600,74160,2472,1236
D13,2021-11-01,123600,74160,2472,1236
D13,2021-12-01,123600,74160,2472,1236
D13,2022-01-01,123600,74160,2472,1236
D13,2022-02-01,123600,74160,2472,1236
D13,2022-03-01,123600,74160,2472,1236
D13,2022-04-01,123600,74160,2472,1236
D13,2022-05-01,123600,74160,2472,1236
D13,2022-06-01,123600,74160,2472,1236
D13,2022-07-01,123600,74160,2472,1236
D13,2022-08-01,123600,74160,2472,1236
D13,2022-09-01,123600,74160,2472,1236
D13,2022-10-01,123600,74160,2472,1236
D13,2022-11-01,123600,74160,2472,1236
D13,2022-12-01,123600,74160,2472,1236
D13,2023-01-01,123600,74160,2472,1236
D13,2023-02-01,123600,74160,2472,1236
D13,2023-03-01,123600,74160,2472,1236
D14,2019-04-01,169000,101400,3380,1690
D14,2019-05-01,169000,101400,3380,1690
D14,2019-06-01,169000,101400,3380,1690
D14,2019-07-01,169000,101400,3380,1690
D14,2019-08-01,169000,101400,3380,1690
D14,2019-09-01,169000,101400,3380,1690
D14,2019-10-01,169000,101400,3380,1690
D14,2019-11-01,169000,101400,3380,1690
D14,2019-12-01,169000,101400,3380,1690
D14,2020-01-01,169000,101400,3380,1690
D14,2020-02-01,169000,101400,3380,1690
D14,2020-03-01,169000,101400,3380,1690
D14,2020-04-01,169000,101400,3380,1690
D14,2020-05-01,169000,101400,3380,1690
D14,2020-06-01,169000,101400,3380,1690
D14,2020-07-01,169000,101400,3380,1690
D14,2020-08-01,169000,101400,3380,1690
D14,2020-09-01,169000,101400,3380,1690
D14,2020-10-01,169000,101400,3380,1690
D14,2020-11-01,169000,101400,3380,1690
D14,2020-12-01,169000,101400,3380,1690
D14,2021-01-01,169000,101400,3380,1690
D14,2021-02-01,169000,101400,3380,1690
D14,2021-03-01,169000,101400,3380,1690
D14,2021-04-01,169000,101400,3380,1690
D14,2021-05-01,169000,101400,3380,1690
D14,2021-06-01,169000,101400,3380,1690
D14,2021-07-01,169000,101400,3380,1690
D14,2021-08-01,169000,101400,3380,1690
D14,2021-09-01,169000,101400,3380,1690
D14,2021-10-01,169000,101400,3380,1690
D14,2021-11-01,169000,101400,3380,1690
D14,2021-12-01,169000,101400,3380,1690
D14,2022-01-01,169000,101400,3380,1690
D14,2022-02-01,169000,101400,3380,1690
D14,2022-03-01,169000,101400,3380,1690
D14,2022-04-01,169000,101400,3380,1690
D14,2022-05-01,169000,101400,3380,1690
D14,2022-06-01,169000,101400,3380,1690
D14,2022-07-01,169000,101400,3380,1690
D14,2022-08-01,169000,101400,3380,1690
D14,2022-09-01,169000,101400,3380,1690
D14,2022-10-01,169000,101400,3380,1690
D14,2022-11-01,169000,101400,3380,1690
D14,2022-12-01,169000,101400,3380,1690
D14,2023-01-01,169000,101400,3380,1690
D14,2023-02-01,169000,101400,3380,1690
D14,2023-03-01,169000,101400,3380,1690
D15,2019-04-01,75200,45120,1504,752
D15,2019-05-01,75200,45120,1504,752
D15,2019-06-01,75200,45120,1504,752
D15,2019-07-01,75200,45120,1504,752
D15,2019-08-01,75200,45120,1504,752
D15,2019-09-01,75200,45120,1504,752
D15,2019-10-01,75200,45120,1504,752
D15,2019-11-01,75200,45120,1504,752
D15,2019-12-01,75200,45120,1504,752
D15,2020-01-01,75200,45120,1504,752
D15,2020-02-01,75200,45120,1504,752
D15,2020-03-01,75200,45120,1504,752
D15,2020-04-01,75200,45120,1504,752
D15,2020-05-01,75200,45120,1504,752
D15,2020-06-01,75200,45120,1504,752
D15,2020-07-01,75200,45120,1504,752
D15,2020-08-01,75200,45120,1504,752
D15,2020-09-01,75200,45120,1504,752
D15,2020-10-01,75200,45120,1504,752
D15,2020-11-01,75200,45120,1504,752
D15,2020-12-01,75200,45120,1504,752
D15,2021-01-01,75200,45120,1504,752
D15,2021-02-01,75200,45120,1504,752
D15,2021-03-01,75200,45120,1504,752
D15,2021-04-01,75200,45120,1504,752
D15,2021-05-01,75200,45120,1504,752
D15,2021-06-01,75200,45120,1504,752
D15,2021-07-01,75200,45120,1504,752
D15,2021-08-01,75200,45120,1504,752
D15,2021-09-01,75200,45120,1504,752
D15,2021-10-01,75200,45120,1504,752
D15,2021-11-01,75200,45120,1504,752
D15,2021-12-01,75200,45120,1504,752
D15,2022-01-01,75200,45120,1504,752
D15,2022-02-01,75200,45120,1504,752
D15,2022-03-01,75200,45120,1504,752
D15,2022-04-01,75200,45120,1504,752
D15,2022-05-01,75200,45120,1504,752
D15,2022-06-01,75200,45120,1504,752
D15,2022-07-01,75200,45120,1504,752
D15,2022-08-01,75200,45120,1504,752
D15,2022-09-01,75200,45120,1504,752
D15,2022-10-01,75200,45120,1504,752
D15,2022-11-01,75200,45120,1504,752
D15,2022-12-01,75200,45120,1504,752
D15,2023-01-01,75200,45120,1504,752
D15,2023-02-01,75200,45120,1504,752
D15,2023-03-01,75200,45120,1504,752
D16,2019-04-01,55000,33000,1100,550
D16,2019-05-01,55000,33000,1100,550
D16,2019-06-01,55000,33000,1100,550
D16,2019-07-01,55000,33000,1100,550
D16,2019-08-01,55000,33000,1100,550
D16,2019-09-01,55000,33000,1100,550
D16,2019-10-01,55000,33000,1100,550
D16,2019-11-01,55000,33000,1100,550
D16,2019-12-01,55000,33000,1100,550
D16,2020-01-01,55000,33000,1100,550
D16,2020-02-01,55000,33000,1100,550
D16,2020-03-01,55000,33000,1100,550
D16,2020-04-01,55000,33000,1100,550
D16,2020-05-01,55000,33000,1100,550
D16,2020-06-01,55000,33000,1100,550
D16,2020-07-01,55000,33000,1100,550
D16,2020-08-01,55000,33000,1100,550
D16,2020-09-01,55000,33000,1100,550
D16,2020-10-01,55000,33000,1100,550
D16,2020-11-01,55000,33000,1100,550
D16,2020-12-01,55000,33000,1100,550
D16,2021-01-01,55000,33000,1100,550
D16,2021-02-01,55000,33000,1100,550
D16,2021-03-01,55000,33000,1100,550
D16,2021-04-01,55000,33000,1100,550
D16,2021-05-01,55000,33000,1100,550
D16,2021-06-01,55000,33000,1100,550
D16,2021-07-01,55000,33000,1100,550
D16,2021-08-01,55000,33000,1100,550
D16,2021-09-01,55000,33000,1100,550
D16,2021-10-01,55000,33000,1100,550
D16,2021-11-01,55000,33000,1100,550
D16,2021-12-01,55000,33000,1100,550
D16,2022-01-01,55000,33000,1100,550
D16,2022-02-01,55000,33000,1100,550
D16,2022-03-01,55000,33000,1100,550
D16,2022-04-01,55000,33000,1100,550
D16,2022-05-01,55000,33000,1100,550
D16,2022-06-01,55000,33000,1100,550
D16,2022-07-01,55000,33000,1100,550
D16,2022-08-01,55000,33000,1100,550
D16,2022-09-01,55000,33000,1100,550
D16,2022-10-01,55000,33000,1100,550
D16,2022-11-01,55000,33000,1100,550
D16,2022-12-01,55000,33000,1100,550
D16,2023-01-01,55000,33000,1100,550
D16,2023-02-01,55000,33000,1100,550
D16,2023-03-01,55000,33000,1100,550
D17,2019-04-01,58100,34860,1162,581
D17,2019-05-01,58100,34860,1162,581
D17,2019-06-01,58100,34860,1162,581
D17,2019-07-01,58100,34860,1162,581
D17,2019-08-01,58100,34860,1162,581
D17,2019-09-01,58100,34860,1162,581
D17,2019-10-01,58100,34860,1162,581
D17,2019-11-01,58100,34860,1162,581
D17,2019-12-01,58100,34860,1162,581
D17,2020-01-01,58100,34860,1162,581
D17,2020-02-01,58100,34860,1162,581
D17,2020-03-01,58100,34860,1162,581
D17,2020-04-01,58100,34860,1162,581
D17,2020-05-01,58100,34860,1162,581
D17,2020-06-01,58100,34860,1162,581
D17,2020-07-01,58100,34860,1162,581
D17,2020-08-01,58100,34860,1162,581
D17,2020-09-01,58100,34860,1162,581
D17,2020-10-01,58100,34860,1162,581
D17,2020-11-01,58100,34860,1162,581
D17,2020-12-01,58100,34860,1162,581
D17,2021-01-01,58100,34860,1162,581
D17,2021-02-01,58100,34860,1162,581
D17,2021-03-01,58100,34860,1162,581
D17,2021-04-01,58100,34860,1162,581
D17,2021-05-01,58100,34860,1162,581
D17,2021-06-01,58100,34860,1162,581
D17,2021-07-01,58100,34860,1162,581
D17,2021-08-01,58100,34860,1162,581
D17,2021-09-01,58100,34860,1162,581
D17,2021-10-01,58100,34860,1162,581
D17,2021-11-01,58100,34860,1162,581
D17,2021-12-01,58100,34860,1162,581
D17,2022-01-01,58100,34860,1162,581
D17,2022-02-01,58100,34860,1162,581
D17,2022-03-01,58100,34860,1162,581
D17,2022-04-01,58100,34860,1162,581
D17,2022-05-01,58100,34860,1162,581
D17,2022-06-01,58100,34860,1162,581
D17,2022-07-01,58100,34860,1162,581
D17,2022-08-01,58100,34860,1162,581
D17,2022-09-01,58100,34860,1162,581
D17,2022-10-01,58100,34860,1162,581
D17,2022-11-01,58100,34860,1162,581
D17,2022-12-01,58100,34860,1162,581
D17,2023-01-01,58100,34860,1162,581
D17,2023-02-01,58100,34860,1162,581
D17,2023-03-01,58100,34860,1162,581
D18,2019-04-01,52000,31200,1040,520
D18,2019-05-01,52000,31200,1040,520
D18,2019-06-01,52000,31200,1040,520
D18,2019-07-01,52000,31200,1040,520
D18,2019-08-01,52000,31200,1040,520
D18,2019-09-01,52000,31200,1040,520
D18,2019-10-01,52000,31200,1040,520
D18,2019-11-01,52000,31200,1040,520
D18,2019-12-01,52000,31200,1040,520
D18,2020-01-01,52000,31200,1040,520
D18,2020-02-01,52000,31200,1040,520
D18,2020-03-01,52000,31200,1040,520
D18,2020-04-01,52000,31200,1040,520
D18,2020-05-01,52000,31200,1040,520
D18,2020-06-01,52000,31200,1040,520
D18,2020-07-01,52000,31200,1040,520
D18,2020-08-01,52000,31200,1040,520
D18,2020-09-01,52000,31200,1040,520
D18,2020-10-01,52000,31200,1040,520
D18,2020-11-01,52000,31200,1040,520
D18,2020-12-01,52000,31200,1040,520
D18,2021-01-01,52000,31200,1040,520
D18,2021-02-01,52000,31200,1040,520
D18,2021-03-01,52000,31200,1040,520
D18,2021-04-01,52000,31200,1040,520
D18,2021-05-01,52000,31200,1040,520
D18,2021-06-01,52000,31200,1040,520
D18,2021-07-01,52000,31200,1040,520
D18,2021-08-01,52000,31200,1040,520
D18,2021-09-01,52000,31200,1040,520
D18,2021-10-01,52000,31200,1040,520
D18,2021-11-01,52000,31200,1040,520
D18,2021-12-01,52000,31200,1040,520
D18,2022-01-01,52000,31200,1040,520
D18,2022-02-01,52000,31200,1040,520
D18,2022-03-01,52000,31200,1040,520
D18,2022-04-01,52000,31200,1040,520
D18,2022-05-01,52000,31200,1040,520
D18,2022-06-01,52000,31200,1040,520
D18,2022-07-01,52000,31200,1040,520
D18,2022-08-01,52000,31200,1040,520
D18,2022-09-01,52000,31200,1040,520
D18,2022-10-01,52000,31200,1040,520
D18,2022-11-01,52000,31200,1040,520
D18,2022-12-01,52000,31200,1040,520
D18,2023-01-01,52000,31200,1040,520
D18,2023-02-01,52000,31200,1040,520
D18,2023-03-01,52000,31200,1040,520
D19,2019-04-01,185300,111180,3706,1853
D19,2019-05-01,185300,111180,3706,1853
D19,2019-06-01,185300,111180,3706,1853
D19,2019-07-01,185300,111180,3706,1853
D19,2019-08-01,185300,111180,3706,1853
D19,2019-09-01,185300,111180,3706,1853
D19,2019-10-01,185300,111180,3706,1853
D19,2019-11-01,185300,111180,3706,1853
D19,2019-12-01,185300,111180,3706,1853
D19,2020-01-01,185300,111180,3706,1853
D19,2020-02-01,185300,111180,3706,1853
D19,2020-03-01,185300,111180,3706,1853
D19,2020-04-01,185300,111180,3706,1853
D19,2020-05-01,185300,111180,3706,1853
D19,2020-06-01,185300,111180,3706,1853
D19,2020-07-01,185300,111180,3706,1853
D19,2020-08-01,185300,111180,3706,1853
D19,2020-09-01,185300,111180,3706,1853
D19,2020-10-01,185300,111180,3706,1853
D19,2020-11-01,185300,111180,3706,1853
D19,2020-12-01,185300,111180,3706,1853
D19,2021-01-01,185300,111180,3706,1853
D19,2021-02-01,185300,111180,3706,1853
D19,2021-03-01,185300,111180,3706,1853
D19,2021-04-01,185300,111180,3706,1853
D19,2021-05-01,185300,111180,3706,1853
D19,2021-06-01,185300,111180,3706,1853
D19,2021-07-01,185300,111180,3706,1853
D19,2021-08-01,185300,111180,3706,1853
D19,2021-09-01,185300,111180,3706,1853
D19,2021-10-01,185300,111180,3706,1853
D19,2021-11-01,185300,111180,3706,1853
D19,2021-12-01,185300,111180,3706,1853
D19,2022-01-01,185300,111180,3706,1853
D19,2022-02-01,185300,111180,3706,1853
D19,2022-03-01,185300,111180,3706,1853
D19,2022-04-01,185300,111180,3706,1853
D19,2022-05-01,185300,111180,3706,1853
D19,2022-06-01,185300,111180,3706,1853
D19,2022-07-01,185300,111180,3706,1853
D19,2022-08-01,185300,111180,3706,1853
D19,2022-09-01,185300,111180,3706,1853
D19,2022-10-01,185300,111180,3706,1853
D19,2022-11-01,185300,111180,3706,1853
D19,2022-12-01,185300,111180,3706,1853
D19,2023-01-01,185300,111180,3706,1853
D19,2023-02-01,185300,111180,3706,1853
D19,2023-03-01,185300,111180,3706,1853
D20,2019-04-01,138300,82980,2766,1383
D20,2019-05-01,138300,82980,2766,1383
D20,2019-06-01,138300,82980,2766,1383
D20,2019-07-01,138300,82980,2766,1383
D20,2019-08-01,138300,82980,2766,1383
D20,2019-09-01,138300,82980,2766,1383
D20,2019-10-01,138300,82980,2766,1383
D20,2019-11-01,138300,82980,2766,1383
D20,2019-12-01,138300,82980,2766,1383
D20,2020-01-01,138300,82980,2766,1383
D20,2020-02-01,138300,82980,2766,1383
D20,2020-03-01,138300,82980,2766,1383
D20,2020-04-01,138300,82980,2766,1383
D20,2020-05-01,138300,82980,2766,1383
D20,2020-06-01,138300,82980,2766,1383
D20,2020-07-01,138300,82980,2766,1383
D20,2020-08-01,138300,82980,2766,1383
D20,2020-09-01,138300,82980,2766,1383
D20,2020-10-01,138300,82980,2766,1383
D20,2020-11-01,138300,82980,2766,1383
D20,2020-12-01,138300,82980,2766,1383
D20,2021-01-01,138300,82980,2766,1383
D20,2021-02-01,138300,82980,2766,1383
D20,2021-03-01,138300,82980,2766,1383
D20,2021-04-01,138300,82980,2766,1383
D20,2021-05-01,138300,82980,2766,1383
D20,2021-06-01,138300,82980,2766,1383
D20,2021-07-01,138300,82980,2766,1383
D20,2021-08-01,138300,82980,2766,1383
D20,2021-09-01,138300,82980,2766,1383
D20,2021-10-01,138300,82980,2766,1383
D20,2021-11-01,138300,82980,2766,1383
D20,2021-12-01,138300,82980,2766,1383
D20,2022-01-01,138300,82980,2766,1383
D20,2022-02-01,138300,82980,2766,1383
D20,2022-03-01,138300,82980,2766,1383
D20,2022-04-01,138300,82980,2766,1383
D20,2022-05-01,138300,82980,2766,1383
D20,2022-06-01,138300,82980,2766,1383
D20,2022-07-01,138300,82980,2766,1383
D20,2022-08-01,138300,82980,2766,1383
D20,2022-09-01,138300,82980,2766,1383
D20,2022-10-01,138300,82980,2766,1383
D20,2022-11-01,138300,82980,2766,1383
D20,2022-12-01,138300,82980,2766,1383
D20,2023-01-01,138300,82980,2766,1383
D20,2023-02-01,138300,82980,2766,1383
D20,2023-03-01,138300,82980,2766,1383
D21,2019-04-01,123000,73800,2460,1230
D21,2019-05-01,123000,73800,2460,1230
D21,2019-06-01,123000,73800,2460,1230
D21,2019-07-01,123000,73800,2460,1230
D21,2019-08-01,123000,73800,2460,1230
D21,2019-09-01,123000,73800,2460,1230
D21,2019-10-01,123000,73800,2460,1230
D21,2019-11-01,123000,73800,2460,1230
D21,2019-12-01,123000,73800,2460,1230
D21,2020-01-01,123000,73800,2460,1230
D21,2020-02-01,123000,73800,2460,1230
D21,2020-03-01,123000,73800,2460,1230
D21,2020-04-01,123000,73800,2460,1230
D21,2020-05-01,123000,73800,2460,1230
D21,2020-06-01,123000,73800,2460,1230
D21,2020-07-01,123000,73800,2460,1230
D21,2020-08-01,123000,73800,2460,1230
D21,2020-09-01,123000,73800,2460,1230
D21,2020-10-01,123000,73800,2460,1230
D21,2020-11-01,123000,73800,2460,1230
D21,2020-12-01,123000,73800,2460,1230
D21,2021-01-01,123000,73800,2460,1230
D21,2021-02-01,123000,73800,2460,1230
D21,2021-03-01,123000,73800,2460,1230
D21,2021-04-01,123000,73800,2460,1230
D21,2021-05-01,123000,73800,2460,1230
D21,2021-06-01,123000,73800,2460,1230
D21,2021-07-01,123000,73800,2460,1230
D21,2021-08-01,123000,73800,2460,1230
D21,2021-09-01,123000,73800,2460,1230
D21,2021-10-01,123000,73800,2460,1230
D21,2021-11-01,123000,73800,2460,1230
D21,2021-12-01,123000,73800,2460,1230
D21,2022-01-01,123000,73800,2460,1230
D21,2022-02-01,123000,73800,2460,1230
D21,2022-03-01,123000,73800,2460,1230
D21,2022-04-01,123000,73800,2460,1230
D21,2022-05-01,123000,73800,2460,1230
D21,2022-06-01,123000,73800,2460,1230
D21,2022-07-01,123000,73800,2460,1230
D21,2022-08-01,123000,73800,2460,1230
D21,2022-09-01,123000,73800,2460,1230
D21,2022-10-01,123000,73800,2460,1230
D21,2022-11-01,123000,73800,2460,1230
D21,2022-12-01,123000,73800,2460,1230
D21,2023-01-01,123000,73800,2460,1230
D21,2023-02-01,123000,73800,2460,1230
D21,2023-03-01,123000,73800,2460,1230
D22,2019-04-01,110400,66240,2208,1104
D22,2019-05-01,110400,66240,2208,1104
D22,2019-06-01,110400,66240,2208,1104
D22,2019-07-01,110400,66240,2208,1104
D22,2019-08-01,110400,66240,2208,1104
D22,2019-09-01,110400,66240,2208,1104
D22,2019-10-01,110400,66240,2208,1104
D22,2019-11-01,110400,66240,2208,1104
D22,2019-12-01,110400,66240,2208,1104
D22,2020-01-01,110400,66240,2208,1104
D22,2020-02-01,110400,66240,2208,1104
D22,2020-03-01,110400,66240,2208,1104
D22,2020-04-01,110400,66240,2208,1104
D22,2020-05-01,110400,66240,2208,1104
D22,2020-06-01,110400,66240,2208,1104
D22,2020-07-01,110400,66240,2208,1104
D22,2020-08-01,110400,66240,2208,1104
D22,2020-09-01,110400,66240,2208,1104
D22,2020-10-01,110400,66240,2208,1104
D22,2020-11-01,110400,66240,2208,1104
D22,2020-12-01,110400,66240,2208,1104
D22,2021-01-01,110400,66240,2208,1104
D22,2021-02-01,110400,66240,2208,1104
D22,2021-03-01,110400,66240,2208,1104
D22,2021-04-01,110400,66240,2208,1104
D22,2021-05-01,110400,66240,2208,1104
D22,2021-06-01,110400,66240,2208,1104
D22,2021-07-01,110400,66240,2208,1104
D22,2021-08-01,110400,66240,2208,1104
D22,2021-09-01,110400,66240,2208,1104
D22,2021-10-01,110400,66240,2208,1104
D22,2021-11-01,110400,66240,2208,1104
D22,2021-12-01,110400,66240,2208,1104
D22,2022-01-01,110400,66240,2208,1104
D22,2022-02-01,110400,66240,2208,1104
D22,2022-03-01,110400,66240,2208,1104
D22,2022-04-01,110400,66240,2208,1104
D22,2022-05-01,110400,66240,2208,1104
D22,2022-06-01,110400,66240,2208,1104
D22,2022-07-01,110400,66240,2208,1104
D22,2022-08-01,110400,66240,2208,1104
D22,2022-09-01,110400,66240,2208,1104
D22,2022-10-01,110400,66240,2208,1104
D22,2022-11-01,110400,66240,2208,1104
D22,2022-12-01,110400,66240,2208,1104
D22,2023-01-01,110400,66240,2208,1104
D22,2023-02-01,110400,66240,2208,1104
D22,2023-03-01,110400,66240,2208,1104
D23,2019-04-01,176800,106080,3536,1768
D23,2019-05-01,176800,106080,3536,1768
D23,2019-06-01,176800,106080,3536,1768
D23,2019-07-01,176800,106080,3536,1768
D23,2019-08-01,176800,106080,3536,1768
D23,2019-09-01,176800,106080,3536,1768
D23,2019-10-01,176800,106080,3536,1768
D23,2019-11-01,176800,106080,3536,1768
D23,2019-12-01,176800,106080,3536,1768
D23,2020-01-01,176800,106080,3536,1768
D23,2020-02-01,176800,106080,3536,1768
D23,2020-03-01,176800,106080,3536,1768
D23,2020-04-01,176800,106080,3536,1768
D23,2020-05-01,176800,106080,3536,1768
D23,2020-06-01,176800,106080,3536,1768
D23,2020-07-01,176800,106080,3536,1768
D23,2020-08-01,176800,106080,3536,1768
D23,2020-09-01,176800,106080,3536,1768
D23,2020-10-01,176800,106080,3536,1768
D23,2020-11-01,176800,106080,3536,1768
D23,2020-12-01,176800,106080,3536,1768
D23,2021-01-01,176800,106080,3536,1768
D23,2021-02-01,176800,106080,3536,1768
D23,2021-03-01,176800,106080,3536,1768
D23,2021-04-01,176800,106080,3536,1768
D23,2021-05-01,176800,106080,3536,1768
D23,2021-06-01,176800,106080,3536,1768
D23,2021-07-01,176800,106080,3536,1768
D23,2021-08-01,176800,106080,3536,1768
D23,2021-09-01,176800,106080,3536,1768
D23,2021-10-01,176800,106080,3536,1768
D23,2021-11-01,176800,106080,3536,1768
D23,2021-12-01,176800,106080,3536,1768
D23,2022-01-01,176800,106080,3536,1768
D23,2022-02-01,176800,106080,3536,1768
D23,2022-03-01,176800,106080,3536,1768
D23,2022-04-01,176800,106080,3536,1768
D23,2022-05-01,176800,106080,3536,1768
D23,2022-06-01,176800,106080,3536,1768
D23,2022-07-01,176800,106080,3536,1768
D23,2022-08-01,176800,106080,3536,1768
D23,2022-09-01,176800,106080,3536,1768
D23,2022-10-01,176800,106080,3536,1768
D23,2022-11-01,176800,106080,3536,1768
D23,2022-12-01,176800,106080,3536,1768
D23,2023-01-01,176800,106080,3536,1768
D23,2023-02-01,176800,106080,3536,1768
D23,2023-03-01,176800,106080,3536,1768
D24,2019-04-01,157800,94680,3156,1578
D24,2019-05-01,157800,94680,3156,1578
D24,2019-06-01,157800,94680,3156,1578
D24,2019-07-01,157800,94680,3156,1578
D24,2019-08-01,157800,94680,3156,1578
D24,2019-09-01,157800,94680,3156,1578
D24,2019-10-01,157800,94680,3156,1578
D24,2019-11-01,157800,94680,3156,1578
D24,2019-12-01,157800,94680,3156,1578
D24,2020-01-01,157800,94680,3156,1578
D24,2020-02-01,157800,94680,3156,1578
D24,2020-03-01,157800,94680,3156,1578
D24,2020-04-01,157800,94680,3156,1578
D24,2020-05-01,157800,94680,3156,1578
D24,2020-06-01,157800,94680,3156,1578
D24,2020-07-01,157800,94680,3156,1578
D24,2020-08-01,157800,94680,3156,1578
D24,2020-09-01,157800,94680,3156,1578
D24,2020-10-01,157800,94680,3156,1578
D24,2020-11-01,157800,94680,3156,1578
D24,2020-12-01,157800,94680,3156,1578
D24,2021-01-01,157800,94680,3156,1578
D24,2021-02-01,157800,94680,3156,1578
D24,2021-03-01,157800,94680,3156,1578
D24,2021-04-01,157800,94680,3156,1578
D24,2021-05-01,157800,94680,3156,1578
D24,2021-06-01,157800,94680,3156,1578
D24,2021-07-01,157800,94680,3156,1578
D24,2021-08-01,157800,94680,3156,1578
D24,2021-09-01,157800,94680,3156,1578
D24,2021-10-01,157800,94680,3156,1578
D24,2021-11-01,157800,94680,3156,1578
D24,2021-12-01,157800,94680,3156,1578
D24,2022-01-01,157800,94680,3156,1578
D24,2022-02-01,157800,94680,3156,1578
D24,2022-03-01,157800,94680,3156,1578
D24,2022-04-01,157800,94680,3156,1578
D24,2022-05-01,157800,94680,3156,1578
D24,2022-06-01,157800,94680,3156,1578
D24,2022-07-01,157800,94680,3156,1578
D24,2022-08-01,157800,94680,3156,1578
D24,2022-09-01,157800,94680,3156,1578
D24,2022-10-01,157800,94680,3156,1578
D24,2022-11-01,157800,94680,3156,1578
D24,2022-12-01,157800,94680,3156,1578
D24,2023-01-01,157800,94680,3156,1578
D24,2023-02-01,157800,94680,3156,1578
D24,2023-03-01,157800,94680,3156,1578
D25,2019-04-01,177300,106380,3546,1773
D25,2019-05-01,177300,106380,3546,1773
D25,2019-06-01,177300,106380,3546,1773
D25,2019-07-01,177300,106380,3546,1773
D25,2019-08-01,177300,106380,3546,1773
D25,2019-09-01,177300,106380,3546,1773
D25,2019-10-01,177300,106380,3546,1773
D25,2019-11-01,177300,106380,3546,1773
D25,2019-12-01,177300,106380,3546,1773
D25,2020-01-01,177300,106380,3546,1773
D25,2020-02-01,177300,106380,3546,1773
D25,2020-03-01,177300,106380,3546,1773
D25,2020-04-01,177300,106380,3546,1773
D25,2020-05-01,177300,106380,3546,1773
D25,2020-06-01,177300,106380,3546,1773
D25,2020-07-01,177300,106380,3546,1773
D25,2020-08-01,177300,106380,3546,1773
D25,2020-09-01,177300,106380,3546,1773
D25,2020-10-01,177300,106380,3546,1773
D25,2020-11-01,177300,106380,3546,1773
D25,2020-12-01,177300,106380,3546,1773
D25,2021-01-01,177300,106380,3546,1773
D25,2021-02-01,177300,106380,3546,1773
D25,2021-03-01,177300,106380,3546,1773
D25,2021-04-01,177300,106380,3546,1773
D25,2021-05-01,177300,106380,3546,1773
D25,2021-06-01,177300,106380,3546,1773
D25,2021-07-01,177300,106380,3546,1773
D25,2021-08-01,177300,106380,3546,1773
D25,2021-09-01,177300,106380,3546,1773
D25,2021-10-01,177300,106380,3546,1773
D25,2021-11-01,177300,106380,3546,1773
D25,2021-12-01,177300,106380,3546,1773
D25,2022-01-01,177300,106380,3546,1773
D25,2022-02-01,177300,106380,3546,1773
D25,2022-03-01,177300,106380,3546,1773
D25,2022-04-01,177300,106380,3546,1773
D25,2022-05-01,177300,106380,3546,1773
D25,2022-06-01,177300,106380,3546,1773
D25,2022-07-01,177300,106380,3546,1773
D25,2022-08-01,177300,106380,3546,1773
D25,2022-09-01,177300,106380,3546,1773
D25,2022-10-01,177300,106380,3546,1773
D25,2022-11-01,177300,106380,3546,1773
D25,2022-12-01,177300,106380,3546,1773
D25,2023-01-01,177300,106380,3546,1773
D25,2023-02-01,177300,106380,3546,1773
D25,2023-03-01,177300,106380,3546,1773
D26,2019-04-01,165500,99300,3310,1655
D26,2019-05-01,165500,99300,3310,1655
D26,2019-06-01,165500,99300,3310,1655
D26,2019-07-01,165500,99300,3310,1655
D26,2019-08-01,165500,99300,3310,1655
D26,2019-09-01,165500,99300,3310,1655
D26,2019-10-01,165500,99300,3310,1655
D26,2019-11-01,165500,99300,3310,1655
D26,2019-12-01,165500,99300,3310,1655
D26,2020-01-01,165500,99300,3310,1655
D26,2020-02-01,165500,99300,3310,1655
D26,2020-03-01,165500,99300,3310,1655
D26,2020-04-01,165500,99300,3310,1655
D26,2020-05-01,165500,99300,3310,1655
D26,2020-06-01,165500,99300,3310,1655
D26,2020-07-01,165500,99300,3310,1655
D26,2020-08-01,165500,99300,3310,1655
D26,2020-09-01,165500,99300,3310,1655
D26,2020-10-01,165500,99300,3310,1655
D26,2020-11-01,165500,99300,3310,1655
D26,2020-12-01,165500,99300,3310,1655
D26,2021-01-01,165500,99300,3310,1655
D26,2021-02-01,165500,99300,3310,1655
D26,2021-03-01,165500,99300,3310,1655
D26,2021-04-01,165500,99300,3310,1655
D26,2021-05-01,165500,99300,3310,1655
D26,2021-06-01,165500,99300,3310,1655
D26,2021-07-01,165500,99300,3310,1655
D26,2021-08-01,165500,99300,3310,1655
D26,2021-09-01,165500,99300,3310,1655
D26,2021-10-01,165500,99300,3310,1655
D26,2021-11-01,165500,99300,3310,1655
D26,2021-12-01,165500,99300,3310,1655
D26,2022-01-01,165500,99300,3310,1655
D26,2022-02-01,165500,99300,3310,1655
D26,2022-03-01,165500,99300,3310,1655
D26,2022-04-01,165500,99300,3310,1655
D26,2022-05-01,165500,99300,3310,1655
D26,2022-06-01,165500,99300,3310,1655
D26,2022-07-01,165500,99300,3310,1655
D26,2022-08-01,165500,99300,3310,1655
D26,2022-09-01,165500,99300,3310,1655
D26,2022-10-01,165500,99300,3310,1655
D26,2022-11-01,165500,99300,3310,1655
D26,2022-12-01,165500,99300,3310,1655
D26,2023-01-01,165500,99300,3310,1655
D26,2023-02-01,165500,99300,3310,1655
D26,2023-03-01,165500,99300,3310,1655
D27,2019-04-01,96500,57900,1930,965
D27,2019-05-01,96500,57900,1930,965
D27,2019-06-01,96500,57900,1930,965
D27,2019-07-01,96500,57900,1930,965
D27,2019-08-01,96500,57900,1930,965
D27,2019-09-01,96500,57900,1930,965
D27,2019-10-01,96500,57900,1930,965
D27,2019-11-01,96500,57900,1930,965
D27,2019-12-01,96500,57900,1930,965
D27,2020-01-01,96500,57900,1930,965
D27,2020-02-01,96500,57900,1930,965
D27,2020-03-01,96500,57900,1930,965
D27,2020-04-01,96500,57900,1930,965
D27,2020-05-01,96500,57900,1930,965
D27,2020-06-01,96500,57900,1930,965
D27,2020-07-01,96500,57900,1930,965
D27,2020-08-01,96500,57900,1930,965
D27,2020-09-01,96500,57900,1930,965
D27,2020-10-01,96500,57900,1930,965
D27,2020-11-01,96500,57900,1930,965
D27,2020-12-01,96500,57900,1930,965
D27,2021-01-01,96500,57900,1930,965
D27,2021-02-01,96500,57900,1930,965
D27,2021-03-01,96500,57900,1930,965
D27,2021-04-01,96500,57900,1930,965
D27,2021-05-01,96500,57900,1930,965
D27,2021-06-01,96500,57900,1930,965
D27,2021-07-01,96500,57900,1930,965
D27,2021-08-01,96500,57900,1930,965
D27,2021-09-01,96500,57900,1930,965
D27,2021-10-01,96500,57900,1930,965
D27,2021-11-01,96500,57900,1930,965
D27,2021-12-01,96500,57900,1930,965
D27,2022-01-01,96500,57900,1930,965
D27,2022-02-01,96500,57900,1930,965
D27,2022-03-01,96500,57900,1930,965
D27,2022-04-01,96500,57900,1930,965
D27,2022-05-01,96500,57900,1930,965
D27,2022-06-01,96500,57900,1930,965
D27,2022-07-01,96500,57900,1930,965
D27,2022-08-01,96500,57900,1930,965
D27,2022-09-01,96500,57900,1930,965
D27,2022-10-01,96500,57900,1930,965
D27,2022-11-01,96500,57900,1930,965
D27,2022-12-01,96500,57900,1930,965
D27,2023-01-01,96500,57900,1930,965
D27,2023-02-01,96500,57900,1930,965
D27,2023-03-01,96500,57900,1930,965
D28,2019-04-01,137800,82680,2756,1378
D28,2019-05-01,137800,82680,2756,1378
D28,2019-06-01,137800,82680,2756,1378
D28,2019-07-01,137800,82680,2756,1378
D28,2019-08-01,137800,82680,2756,1378
D28,2019-09-01,137800,82680,2756,1378
D28,2019-10-01,137800,82680,2756,1378
D28,2019-11-01,137800,82680,2756,1378
D28,2019-12-01,137800,82680,2756,1378
D28,2020-01-01,137800,82680,2756,1378
D28,2020-02-01,137800,82680,2756,1378
D28,2020-03-01,137800,82680,2756,1378
D28,2020-04-01,137800,82680,2756,1378
D28,2020-05-01,137800,82680,2756,1378
D28,2020-06-01,137800,82680,2756,1378
D28,2020-07-01,137800,82680,2756,1378
D28,2020-08-01,137800,82680,2756,1378
D28,2020-09-01,137800,82680,2756,1378
D28,2020-10-01,137800,82680,2756,1378
D28,2020-11-01,137800,82680,2756,1378
D28,2020-12-01,137800,82680,2756,1378
D28,2021-01-01,137800,82680,2756,1378
D28,2021-02-01,137800,82680,2756,1378
D28,2021-03-01,137800,82680,2756,1378
D28,2021-04-01,137800,82680,2756,1378
D28,2021-05-01,137800,82680,2756,1378
D28,2021-06-01,137800,82680,2756,1378
D28,2021-07-01,137800,82680,2756,1378
D28,2021-08-01,137800,82680,2756,1378
D28,2021-09-01,137800,82680,2756,1378
D28,2021-10-01,137800,82680,2756,1378
D28,2021-11-01,137800,82680,2756,1378
D28,2021-12-01,137800,82680,2756,1378
D28,2022-01-01,137800,82680,2756,1378
D28,2022-02-01,137800,82680,2756,1378
D28,2022-03-01,137800,82680,2756,1378
D28,2022-04-01,137800,82680,2756,1378
D28,2022-05-01,137800,82680,2756,1378
D28,2022-06-01,137800,82680,2756,1378
D28,2022-07-01,137800,82680,2756,1378
D28,2022-08-01,137800,82680,2756,1378
D28,2022-09-01,137800,82680,2756,1378
D28,2022-10-01,137800,82680,2756,1378
D28,2022-11-01,137800,82680,2756,1378
D28,2022-12-01,137800,82680,2756,1378
D28,2023-01-01,137800,82680,2756,1378
D28,2023-02-01,137800,82680,2756,1378
D28,2023-03-01,137800,82680,2756,1378
D29,2019-04-01,95900,57540,1918,959
D29,2019-05-01,95900,57540,1918,959
D29,2019-06-01,95900,57540,1918,959
D29,2019-07-01,95900,57540,1918,959
D29,2019-08-01,95900,57540,1918,959
D29,2019-09-01,95900,57540,1918,959
D29,2019-10-01,95900,57540,1918,959
D29,2019-11-01,95900,57540,1918,959
D29,2019-12-01,95900,57540,1918,959
D29,2020-01-01,95900,57540,1918,959
D29,2020-02-01,95900,57540,1918,959
D29,2020-03-01,95900,57540,1918,959
D29,2020-04-01,95900,57540,1918,959
D29,2020-05-01,95900,57540,1918,959
D29,2020-06-01,95900,57540,1918,959
D29,2020-07-01,95900,57540,1918,959
D29,2020-08-01,95900,57540,1918,959
D29,2020-09-01,95900,57540,1918,959
D29,2020-10-01,95900,57540,1918,959
D29,2020-11-01,95900,57540,1918,959
D29,2020-12-01,95900,57540,1918,959
D29,2021-01-01,95900,57540,1918,959
D29,2021-02-01,95900,57540,1918,959
D29,2021-03-01,95900,57540,1918,959
D29,2021-04-01,95900,57540,1918,959
D29,2021-05-01,95900,57540,1918,959
D29,2021-06-01,95900,57540,1918,959
D29,2021-07-01,95900,57540,1918,959
D29,2021-08-01,95900,57540,1918,959
D29,2021-09-01,95900,57540,1918,959
D29,2021-10-01,95900,57540,1918,959
D29,2021-11-01,95900,57540,1918,959
D29,2021-12-01,95900,57540,1918,959
D29,2022-01-01,95900,57540,1918,959
D29,2022-02-01,95900,57540,1918,959
D29,2022-03-01,95900,57540,1918,959
D29,2022-04-01,95900,57540,1918,959
D29,2022-05-01,95900,57540,1918,959
D29,2022-06-01,95900,57540,1918,959
D29,2022-07-01,95900,57540,1918,959
D29,2022-08-01,95900,57540,1918,959
D29,2022-09-01,95900,57540,1918,959
D29,2022-10-01,95900,57540,1918,959
D29,2022-11-01,95900,57540,1918,959
D29,2022-12-01,95900,57540,1918,959
D29,2023-01-01,95900,57540,1918,959
D29,2023-02-01,95900,57540,1918,959
D29,2023-03-01,95900,57540,1918,959
D30,2019-04-01,153100,91860,3062,1531
D30,2019-05-01,153100,91860,3062,1531
D30,2019-06-01,153100,91860,3062,1531
D30,2019-07-01,153100,91860,3062,1531
D30,2019-08-01,153100,91860,3062,1531
D30,2019-09-01,153100,91860,3062,1531
D30,2019-10-01,153100,91860,3062,1531
D30,2019-11-01,153100,91860,3062,1531
D30,2019-12-01,153100,91860,3062,1531
D30,2020-01-01,153100,91860,3062,1531
D30,2020-02-01,153100,91860,3062,1531
D30,2020-03-01,153100,91860,3062,1531
D30,2020-04-01,153100,91860,3062,1531
D30,2020-05-01,153100,91860,3062,1531
D30,2020-06-01,153100,91860,3062,1531
D30,2020-07-01,153100,91860,3062,1531
D30,2020-08-01,153100,91860,3062,1531
D30,2020-09-01,153100,91860,3062,1531
D30,2020-10-01,153100,91860,3062,1531
D30,2020-11-01,153100,91860,3062,1531
D30,2020-12-01,153100,91860,3062,1531
D30,2021-01-01,153100,91860,3062,1531
D30,2021-02-01,153100,91860,3062,1531
D30,2021-03-01,153100,91860,3062,1531
D30,2021-04-01,153100,91860,3062,1531
D30,2021-05-01,153100,91860,3062,1531
D30,2021-06-01,153100,91860,3062,1531
D30,2021-07-01,153100,91860,3062,1531
D30,2021-08-01,153100,91860,3062,1531
D30,2021-09-01,153100,91860,3062,1531
D30,2021-10-01,153100,91860,3062,1531
D30,2021-11-01,153100,91860,3062,1531
D30,2021-12-01,153100,91860,3062,1531
D30,2022-01-01,153100,91860,3062,1531
D30,2022-02-01,153100,91860,3062,1531
D30,2022-03-01,153100,91860,3062,1531
D30,2022-04-01,153100,91860,3062,1531
D30,2022-05-01,153100,91860,3062,1531
D30,2022-06-01,153100,91860,3062,1531
D30,2022-07-01,153100,91860,3062,1531
D30,2022-08-01,153100,91860,3062,1531
D30,2022-09-01,153100,91860,3062,1531
D30,2022-10-01,153100,91860,3062,1531
D30,2022-11-01,153100,91860,3062,1531
D30,2022-12-01,153100,91860,3062,1531
D30,2023-01-01,153100,91860,3062,1531
D30,2023-02-01,153100,91860,3062,1531
D30,2023-03-01,153100,91860,3062,1531
D31,2019-04-01,146500,87900,2930,1465
D31,2019-05-01,146500,87900,2930,1465
D31,2019-06-01,146500,87900,2930,1465
D31,2019-07-01,146500,87900,2930,1465
D31,2019-08-01,146500,87900,2930,1465
D31,2019-09-01,146500,87900,2930,1465
D31,2019-10-01,146500,87900,2930,1465
D31,2019-11-01,146500,87900,2930,1465
D31,2019-12-01,146500,87900,2930,1465
D31,2020-01-01,146500,87900,2930,1465
D31,2020-02-01,146500,87900,2930,1465
D31,2020-03-01,146500,87900,2930,1465
D31,2020-04-01,146500,87900,2930,1465
D31,2020-05-01,146500,87900,2930,1465
D31,2020-06-01,146500,87900,2930,1465
D31,2020-07-01,146500,87900,2930,1465
D31,2020-08-01,146500,87900,2930,1465
D31,2020-09-01,146500,87900,2930,1465
D31,2020-10-01,146500,87900,2930,1465
D31,2020-11-01,146500,87900,2930,1465
D31,2020-12-01,146500,87900,2930,1465
D31,2021-01-01,146500,87900,2930,1465
D31,2021-02-01,146500,87900,2930,1465
D31,2021-03-01,146500,87900,2930,1465
D31,2021-04-01,146500,87900,2930,1465
D31,2021-05-01,146500,87900,2930,1465
D31,2021-06-01,146500,87900,2930,1465
D31,2021-07-01,146500,87900,2930,1465
D31,2021-08-01,146500,87900,2930,1465
D31,2021-09-01,146500,87900,2930,1465
D31,2021-10-01,146500,87900,2930,1465
D31,2021-11-01,146500,87900,2930,1465
D31,2021-12-01,146500,87900,2930,1465
D31,2022-01-01,146500,87900,2930,1465
D31,2022-02-01,146500,87900,2930,1465
D31,2022-03-01,146500,87900,2930,1465
D31,2022-04-01,146500,87900,2930,1465
D31,2022-05-01,146500,87900,2930,1465
D31,2022-06-01,146500,87900,2930,1465
D31,2022-07-01,146500,87900,2930,1465
D31,2022-08-01,146500,87900,2930,1465
D31,2022-09-01,146500,87900,2930,1465
D31,2022-10-01,146500,87900,2930,1465
D31,2022-11-01,146500,87900,2930,1465
D31,2022-12-01,146500,87900,2930,1465
D31,2023-01-01,146500,87900,2930,1465
D31,2023-02-01,146500,87900,2930,1465
D31,2023-03-01,146500,87900,2930,1465
D32,2019-04-01,88900,53340,1778,889
D32,2019-05-01,88900,53340,1778,889
D32,2019-06-01,88900,53340,1778,889
D32,2019-07-01,88900,53340,1778,889
D32,2019-08-01,88900,53340,1778,889
D32,2019-09-01,88900,53340,1778,889
D32,2019-10-01,88900,53340,1778,889
D32,2019-11-01,88900,53340,1778,889
D32,2019-12-01,88900,53340,1778,889
D32,2020-01-01,88900,53340,1778,889
D32,2020-02-01,88900,53340,1778,889
D32,2020-03-01,88900,53340,1778,889
D32,2020-04-01,88900,53340,1778,889
D32,2020-05-01,88900,53340,1778,889
D32,2020-06-01,88900,53340,1778,889
D32,2020-07-01,88900,53340,1778,889
D32,2020-08-01,88900,53340,1778,889
D32,2020-09-01,88900,53340,1778,889
D32,2020-10-01,88900,53340,1778,889
D32,2020-11-01,88900,53340,1778,889
D32,2020-12-01,88900,53340,1778,889
D32,2021-01-01,88900,53340,1778,889
D32,2021-02-01,88900,53340,1778,889
D32,2021-03-01,88900,53340,1778,889
D32,2021-04-01,88900,53340,1778,889
D32,2021-05-01,88900,53340,1778,889
D32,2021-06-01,88900,53340,1778,889
D32,2021-07-01,88900,53340,1778,889
D32,2021-08-01,88900,53340,1778,889
D32,2021-09-01,88900,53340,1778,889
D32,2021-10-01,88900,53340,1778,889
D32,2021-11-01,88900,53340,1778,889
D32,2021-12-01,88900,53340,1778,889
D32,2022-01-01,88900,53340,1778,889
D32,2022-02-01,88900,53340,1778,889
D32,2022-03-01,88900,53340,1778,889
D32,2022-04-01,88900,53340,1778,889
D32,2022-05-01,88900,53340,1778,889
D32,2022-06-01,88900,53340,1778,889
D32,2022-07-01,88900,53340,1778,889
D32,2022-08-01,88900,53340,1778,889
D32,2022-09-01,88900,53340,1778,889
D32,2022-10-01,88900,53340,1778,889
D32,2022-11-01,88900,53340,1778,889
D32,2022-12-01,88900,53340,1778,889
D32,2023-01-01,88900,53340,1778,889
D32,2023-02-01,88900,53340,1778,889
D32,2023-03-01,88900,53340,1778,889
D33,2019-04-01,177300,106380,3546,1773
D33,2019-05-01,177300,106380,3546,1773
D33,2019-06-01,177300,106380,3546,1773
D33,2019-07-01,177300,106380,3546,1773
D33,2019-08-01,177300,106380,3546,1773
D33,2019-09-01,177300,106380,3546,1773
D33,2019-10-01,177300,106380,3546,1773
D33,2019-11-01,177300,106380,3546,1773
D33,2019-12-01,177300,106380,3546,1773
D33,2020-01-01,177300,106380,3546,1773
D33,2020-02-01,177300,106380,3546,1773
D33,2020-03-01,177300,106380,3546,1773
D33,2020-04-01,177300,106380,3546,1773
D33,2020-05-01,177300,106380,3546,1773
D33,2020-06-01,177300,106380,3546,1773
D33,2020-07-01,177300,106380,3546,1773
D33,2020-08-01,177300,106380,3546,1773
D33,2020-09-01,177300,106380,3546,1773
D33,2020-10-01,177300,106380,3546,1773
D33,2020-11-01,177300,106380,3546,1773
D33,2020-12-01,177300,106380,3546,1773
D33,2021-01-01,177300,106380,3546,1773
D33,2021-02-01,177300,106380,3546,1773
D33,2021-03-01,177300,106380,3546,1773
D33,2021-04-01,177300,106380,3546,1773
D33,2021-05-01,177300,106380,3546,1773
D33,2021-06-01,177300,106380,3546,1773
D33,2021-07-01,177300,106380,3546,1773
D33,2021-08-01,177300,106380,3546,1773
D33,2021-09-01,177300,106380,3546,1773
D33,2021-10-01,177300,106380,3546,1773
D33,2021-11-01,177300,106380,3546,1773
D33,2021-12-01,177300,106380,3546,1773
D33,2022-01-01,177300,106380,3546,1773
D33,2022-02-01,177300,106380,3546,1773
D33,2022-03-01,177300,106380,3546,1773
D33,2022-04-01,177300,106380,3546,1773
D33,2022-05-01,177300,106380,3546,1773
D33,2022-06-01,177300,106380,3546,1773
D33,2022-07-01,177300,106380,3546,1773
D33,2022-08-01,177300,106380,3546,1773
D33,2022-09-01,177300,106380,3546,1773
D33,2022-10-01,177300,106380,3546,1773
D33,2022-11-01,177300,106380,3546,1773
D33,2022-12-01,177300,106380,3546,1773
D33,2023-01-01,177300,106380,3546,1773
D33,2023-02-01,177300,106380,3546,1773
D33,2023-03-01,177300,106380,3546,1773
